Sampling_date,N_D3L,N_D3L_sd,N_D3L_notes,N_D63G,N_D63G_sd,N_D63G_notes,N_P13L,N_P13L_sd,N_P13L_notes,S_H69V70,S_H69V70_sd,S_H69V70_notes,S_delH69V70,S_delH69V70_sd,S_delH69V70_notes,S_L452,S_L452_sd,S_L452_notes,S_L452Q,S_L452Q_sd,S_L452Q_notes,S_L452R,S_L452R_sd,S_L452R_notes,S_R346T,S_R346T_sd,S_SR346T_notes,S_R346,S_R346_sd,S_SR346T_notes,Alpha_sequencing proportion,Delta_sequencing proportion,Omicron_BA.1_sequencing proportion,Omicron_BA.2_sequencing proportion,sequencing_notes
4/7/2020,,,,,,,,,,,,,,,,,,,,,,,,,,,,,,,,,,,
4/8/2020,,,,,,,,,,,,,,,,,,,,,,,,,,,,,,,,,,,
4/9/2020,,,,,,,,,,,,,,,,,,,,,,,,,,,,,,,,,,,
4/10/2020,,,,,,,,,,,,,,,,,,,,,,,,,,,,,,,,,,,
4/11/2020,,,,,,,,,,,,,,,,,,,,,,,,,,,,,,,,,,,
4/12/2020,,,,,,,,,,,,,,,,,,,,,,,,,,,,,,,,,,,
4/13/2020,,,,,,,,,,,,,,,,,,,,,,,,,,,,,,,,,,,
4/14/2020,,,,,,,,,,,,,,,,,,,,,,,,,,,,,,,,,,,
4/15/2020,,,,,,,,,,,,,,,,,,,,,,,,,,,,,,,,,,,
4/16/2020,,,,,,,,,,,,,,,,,,,,,,,,,,,,,,,,,,,
4/17/2020,,,,,,,,,,,,,,,,,,,,,,,,,,,,,,,,,,,
4/18/2020,,,,,,,,,,,,,,,,,,,,,,,,,,,,,,,,,,,
4/19/2020,,,,,,,,,,,,,,,,,,,,,,,,,,,,,,,,,,,
4/20/2020,,,,,,,,,,,,,,,,,,,,,,,,,,,,,,,,,,,
4/21/2020,,,,,,,,,,,,,,,,,,,,,,,,,,,,,,,,,,,
4/22/2020,,,,,,,,,,,,,,,,,,,,,,,,,,,,,,,,,,,
4/23/2020,,,,,,,,,,,,,,,,,,,,,,,,,,,,,,,,,,,
4/24/2020,,,,,,,,,,,,,,,,,,,,,,,,,,,,,,,,,,,
4/25/2020,,,,,,,,,,,,,,,,,,,,,,,,,,,,,,,,,,,
4/26/2020,,,,,,,,,,,,,,,,,,,,,,,,,,,,,,,,,,,
4/27/2020,,,,,,,,,,,,,,,,,,,,,,,,,,,,,,,,,,,
4/28/2020,,,,,,,,,,,,,,,,,,,,,,,,,,,,,,,,,,,
4/29/2020,,,,,,,,,,,,,,,,,,,,,,,,,,,,,,,,,,,
4/30/2020,,,,,,,,,,,,,,,,,,,,,,,,,,,,,,,,,,,
5/1/2020,,,,,,,,,,,,,,,,,,,,,,,,,,,,,,,,,,,
5/2/2020,,,,,,,,,,,,,,,,,,,,,,,,,,,,,,,,,,,
5/3/2020,,,,,,,,,,,,,,,,,,,,,,,,,,,,,,,,,,,
5/4/2020,,,,,,,,,,,,,,,,,,,,,,,,,,,,,,,,,,,
5/5/2020,,,,,,,,,,,,,,,,,,,,,,,,,,,,,,,,,,,
5/6/2020,,,,,,,,,,,,,,,,,,,,,,,,,,,,,,,,,,,
5/7/2020,,,,,,,,,,,,,,,,,,,,,,,,,,,,,,,,,,,
5/8/2020,,,,,,,,,,,,,,,,,,,,,,,,,,,,,,,,,,,
5/9/2020,,,,,,,,,,,,,,,,,,,,,,,,,,,,,,,,,,,
5/10/2020,,,,,,,,,,,,,,,,,,,,,,,,,,,,,,,,,,,
5/11/2020,,,,,,,,,,,,,,,,,,,,,,,,,,,,,,,,,,,
5/12/2020,,,,,,,,,,,,,,,,,,,,,,,,,,,,,,,,,,,
5/13/2020,,,,,,,,,,,,,,,,,,,,,,,,,,,,,,,,,,,
5/14/2020,,,,,,,,,,,,,,,,,,,,,,,,,,,,,,,,,,,
5/15/2020,,,,,,,,,,,,,,,,,,,,,,,,,,,,,,,,,,,
5/16/2020,,,,,,,,,,,,,,,,,,,,,,,,,,,,,,,,,,,
5/17/2020,,,,,,,,,,,,,,,,,,,,,,,,,,,,,,,,,,,
5/18/2020,,,,,,,,,,,,,,,,,,,,,,,,,,,,,,,,,,,
5/19/2020,,,,,,,,,,,,,,,,,,,,,,,,,,,,,,,,,,,
5/20/2020,,,,,,,,,,,,,,,,,,,,,,,,,,,,,,,,,,,
5/21/2020,,,,,,,,,,,,,,,,,,,,,,,,,,,,,,,,,,,
5/22/2020,,,,,,,,,,,,,,,,,,,,,,,,,,,,,,,,,,,
5/23/2020,,,,,,,,,,,,,,,,,,,,,,,,,,,,,,,,,,,
5/24/2020,,,,,,,,,,,,,,,,,,,,,,,,,,,,,,,,,,,
5/25/2020,,,,,,,,,,,,,,,,,,,,,,,,,,,,,,,,,,,
5/26/2020,,,,,,,,,,,,,,,,,,,,,,,,,,,,,,,,,,,
5/27/2020,,,,,,,,,,,,,,,,,,,,,,,,,,,,,,,,,,,
5/28/2020,,,,,,,,,,,,,,,,,,,,,,,,,,,,,,,,,,,
5/29/2020,,,,,,,,,,,,,,,,,,,,,,,,,,,,,,,,,,,
5/30/2020,,,,,,,,,,,,,,,,,,,,,,,,,,,,,,,,,,,
5/31/2020,,,,,,,,,,,,,,,,,,,,,,,,,,,,,,,,,,,
6/1/2020,,,,,,,,,,,,,,,,,,,,,,,,,,,,,,,,,,,
6/2/2020,,,,,,,,,,,,,,,,,,,,,,,,,,,,,,,,,,,
6/3/2020,,,,,,,,,,,,,,,,,,,,,,,,,,,,,,,,,,,
6/4/2020,,,,,,,,,,,,,,,,,,,,,,,,,,,,,,,,,,,
6/5/2020,,,,,,,,,,,,,,,,,,,,,,,,,,,,,,,,,,,
6/6/2020,,,,,,,,,,,,,,,,,,,,,,,,,,,,,,,,,,,
6/7/2020,,,,,,,,,,,,,,,,,,,,,,,,,,,,,,,,,,,
6/8/2020,,,,,,,,,,,,,,,,,,,,,,,,,,,,,,,,,,,
6/9/2020,,,,,,,,,,,,,,,,,,,,,,,,,,,,,,,,,,,
6/10/2020,,,,,,,,,,,,,,,,,,,,,,,,,,,,,,,,,,,
6/11/2020,,,,,,,,,,,,,,,,,,,,,,,,,,,,,,,,,,,
6/12/2020,,,,,,,,,,,,,,,,,,,,,,,,,,,,,,,,,,,
6/13/2020,,,,,,,,,,,,,,,,,,,,,,,,,,,,,,,,,,,
6/14/2020,,,,,,,,,,,,,,,,,,,,,,,,,,,,,,,,,,,
6/15/2020,,,,,,,,,,,,,,,,,,,,,,,,,,,,,,,,,,,
6/16/2020,,,,,,,,,,,,,,,,,,,,,,,,,,,,,,,,,,,
6/17/2020,,,,,,,,,,,,,,,,,,,,,,,,,,,,,,,,,,,
6/18/2020,,,,,,,,,,,,,,,,,,,,,,,,,,,,,,,,,,,
6/19/2020,,,,,,,,,,,,,,,,,,,,,,,,,,,,,,,,,,,
6/20/2020,,,,,,,,,,,,,,,,,,,,,,,,,,,,,,,,,,,
6/21/2020,,,,,,,,,,,,,,,,,,,,,,,,,,,,,,,,,,,
6/22/2020,,,,,,,,,,,,,,,,,,,,,,,,,,,,,,,,,,,
6/23/2020,,,,,,,,,,,,,,,,,,,,,,,,,,,,,,,,,,,
6/24/2020,,,,,,,,,,,,,,,,,,,,,,,,,,,,,,,,,,,
6/25/2020,,,,,,,,,,,,,,,,,,,,,,,,,,,,,,,,,,,
6/26/2020,,,,,,,,,,,,,,,,,,,,,,,,,,,,,,,,,,,
6/27/2020,,,,,,,,,,,,,,,,,,,,,,,,,,,,,,,,,,,
6/28/2020,,,,,,,,,,,,,,,,,,,,,,,,,,,,,,,,,,,
6/29/2020,,,,,,,,,,,,,,,,,,,,,,,,,,,,,,,,,,,
6/30/2020,,,,,,,,,,,,,,,,,,,,,,,,,,,,,,,,,,,
7/1/2020,,,,,,,,,,,,,,,,,,,,,,,,,,,,,,,,,,,
7/2/2020,,,,,,,,,,,,,,,,,,,,,,,,,,,,,,,,,,,
7/3/2020,,,,,,,,,,,,,,,,,,,,,,,,,,,,,,,,,,,
7/4/2020,,,,,,,,,,,,,,,,,,,,,,,,,,,,,,,,,,,
7/5/2020,,,,,,,,,,,,,,,,,,,,,,,,,,,,,,,,,,,
7/6/2020,,,,,,,,,,,,,,,,,,,,,,,,,,,,,,,,,,,
7/7/2020,,,,,,,,,,,,,,,,,,,,,,,,,,,,,,,,,,,
7/8/2020,,,,,,,,,,,,,,,,,,,,,,,,,,,,,,,,,,,
7/9/2020,,,,,,,,,,,,,,,,,,,,,,,,,,,,,,,,,,,
7/10/2020,,,,,,,,,,,,,,,,,,,,,,,,,,,,,,,,,,,
7/11/2020,,,,,,,,,,,,,,,,,,,,,,,,,,,,,,,,,,,
7/12/2020,,,,,,,,,,,,,,,,,,,,,,,,,,,,,,,,,,,
7/13/2020,,,,,,,,,,,,,,,,,,,,,,,,,,,,,,,,,,,
7/14/2020,,,,,,,,,,,,,,,,,,,,,,,,,,,,,,,,,,,
7/15/2020,,,,,,,,,,,,,,,,,,,,,,,,,,,,,,,,,,,
7/16/2020,,,,,,,,,,,,,,,,,,,,,,,,,,,,,,,,,,,
7/17/2020,,,,,,,,,,,,,,,,,,,,,,,,,,,,,,,,,,,
7/18/2020,,,,,,,,,,,,,,,,,,,,,,,,,,,,,,,,,,,
7/19/2020,,,,,,,,,,,,,,,,,,,,,,,,,,,,,,,,,,,
7/20/2020,,,,,,,,,,,,,,,,,,,,,,,,,,,,,,,,,,,
7/21/2020,,,,,,,,,,,,,,,,,,,,,,,,,,,,,,,,,,,
7/22/2020,,,,,,,,,,,,,,,,,,,,,,,,,,,,,,,,,,,
7/23/2020,,,,,,,,,,,,,,,,,,,,,,,,,,,,,,,,,,,
7/24/2020,,,,,,,,,,,,,,,,,,,,,,,,,,,,,,,,,,,
7/25/2020,,,,,,,,,,,,,,,,,,,,,,,,,,,,,,,,,,,
7/26/2020,,,,,,,,,,,,,,,,,,,,,,,,,,,,,,,,,,,
7/27/2020,,,,,,,,,,,,,,,,,,,,,,,,,,,,,,,,,,,
7/28/2020,,,,,,,,,,,,,,,,,,,,,,,,,,,,,,,,,,,
7/29/2020,,,,,,,,,,,,,,,,,,,,,,,,,,,,,,,,,,,
7/30/2020,,,,,,,,,,,,,,,,,,,,,,,,,,,,,,,,,,,
7/31/2020,,,,,,,,,,,,,,,,,,,,,,,,,,,,,,,,,,,
8/1/2020,,,,,,,,,,,,,,,,,,,,,,,,,,,,,,,,,,,
8/2/2020,,,,,,,,,,,,,,,,,,,,,,,,,,,,,,,,,,,
8/3/2020,,,,,,,,,,,,,,,,,,,,,,,,,,,,,,,,,,,
8/4/2020,,,,,,,,,,,,,,,,,,,,,,,,,,,,,,,,,,,
8/5/2020,,,,,,,,,,,,,,,,,,,,,,,,,,,,,,,,,,,
8/6/2020,,,,,,,,,,,,,,,,,,,,,,,,,,,,,,,,,,,
8/7/2020,,,,,,,,,,,,,,,,,,,,,,,,,,,,,,,,,,,
8/8/2020,,,,,,,,,,,,,,,,,,,,,,,,,,,,,,,,,,,
8/9/2020,,,,,,,,,,,,,,,,,,,,,,,,,,,,,,,,,,,
8/10/2020,,,,,,,,,,,,,,,,,,,,,,,,,,,,,,,,,,,
8/11/2020,,,,,,,,,,,,,,,,,,,,,,,,,,,,,,,,,,,
8/12/2020,,,,,,,,,,,,,,,,,,,,,,,,,,,,,,,,,,,
8/13/2020,,,,,,,,,,,,,,,,,,,,,,,,,,,,,,,,,,,
8/14/2020,,,,,,,,,,,,,,,,,,,,,,,,,,,,,,,,,,,
8/15/2020,,,,,,,,,,,,,,,,,,,,,,,,,,,,,,,,,,,
8/16/2020,,,,,,,,,,,,,,,,,,,,,,,,,,,,,,,,,,,
8/17/2020,,,,,,,,,,,,,,,,,,,,,,,,,,,,,,,,,,,
8/18/2020,,,,,,,,,,,,,,,,,,,,,,,,,,,,,,,,,,,
8/19/2020,,,,,,,,,,,,,,,,,,,,,,,,,,,,,,,,,,,
8/20/2020,,,,,,,,,,,,,,,,,,,,,,,,,,,,,,,,,,,
8/21/2020,,,,,,,,,,,,,,,,,,,,,,,,,,,,,,,,,,,
8/22/2020,,,,,,,,,,,,,,,,,,,,,,,,,,,,,,,,,,,
8/23/2020,,,,,,,,,,,,,,,,,,,,,,,,,,,,,,,,,,,
8/24/2020,,,,,,,,,,,,,,,,,,,,,,,,,,,,,,,,,,,
8/25/2020,,,,,,,,,,,,,,,,,,,,,,,,,,,,,,,,,,,
8/26/2020,,,,,,,,,,,,,,,,,,,,,,,,,,,,,,,,,,,
8/27/2020,,,,,,,,,,,,,,,,,,,,,,,,,,,,,,,,,,,
8/28/2020,,,,,,,,,,,,,,,,,,,,,,,,,,,,,,,,,,,
8/29/2020,,,,,,,,,,,,,,,,,,,,,,,,,,,,,,,,,,,
8/30/2020,,,,,,,,,,,,,,,,,,,,,,,,,,,,,,,,,,,
8/31/2020,,,,,,,,,,,,,,,,,,,,,,,,,,,,,,,,,,,
9/1/2020,,,,,,,,,,,,,,,,,,,,,,,,,,,,,,,,,,,
9/2/2020,,,,,,,,,,,,,,,,,,,,,,,,,,,,,,,,,,,
9/3/2020,,,,,,,,,,,,,,,,,,,,,,,,,,,,,,,,,,,
9/4/2020,,,,,,,,,,,,,,,,,,,,,,,,,,,,,,,,,,,
9/5/2020,,,,,,,,,,,,,,,,,,,,,,,,,,,,,,,,,,,
9/6/2020,,,,,,,,,,,,,,,,,,,,,,,,,,,,,,,,,,,
9/7/2020,,,,,,,,,,,,,,,,,,,,,,,,,,,,,,,,,,,
9/8/2020,,,,,,,,,,,,,,,,,,,,,,,,,,,,,,,,,,,
9/9/2020,,,,,,,,,,,,,,,,,,,,,,,,,,,,,,,,,,,
9/10/2020,,,,,,,,,,,,,,,,,,,,,,,,,,,,,,,,,,,
9/11/2020,,,,,,,,,,,,,,,,,,,,,,,,,,,,,,,,,,,
9/12/2020,,,,,,,,,,,,,,,,,,,,,,,,,,,,,,,,,,,
9/13/2020,,,,,,,,,,,,,,,,,,,,,,,,,,,,,,,,,,,
9/14/2020,,,,,,,,,,,,,,,,,,,,,,,,,,,,,,,,,,,
9/15/2020,,,,,,,,,,,,,,,,,,,,,,,,,,,,,,,,,,,
9/16/2020,,,,,,,,,,,,,,,,,,,,,,,,,,,,,,,,,,,
9/17/2020,,,,,,,,,,,,,,,,,,,,,,,,,,,,,,,,,,,
9/18/2020,,,,,,,,,,,,,,,,,,,,,,,,,,,,,,,,,,,
9/19/2020,,,,,,,,,,,,,,,,,,,,,,,,,,,,,,,,,,,
9/20/2020,,,,,,,,,,,,,,,,,,,,,,,,,,,,,,,,,,,
9/21/2020,,,,,,,,,,,,,,,,,,,,,,,,,,,,,,,,,,,
9/22/2020,,,,,,,,,,,,,,,,,,,,,,,,,,,,,,,,,,,
9/23/2020,,,,,,,,,,,,,,,,,,,,,,,,,,,,,,,,,,,
9/24/2020,,,,,,,,,,,,,,,,,,,,,,,,,,,,,,,,,,,
9/25/2020,,,,,,,,,,,,,,,,,,,,,,,,,,,,,,,,,,,
9/26/2020,,,,,,,,,,,,,,,,,,,,,,,,,,,,,,,,,,,
9/27/2020,,,,,,,,,,,,,,,,,,,,,,,,,,,,,,,,,,,
9/28/2020,,,,,,,,,,,,,,,,,,,,,,,,,,,,,,,,,,,
9/29/2020,,,,,,,,,,,,,,,,,,,,,,,,,,,,,,,,,,,
9/30/2020,,,,,,,,,,,,,,,,,,,,,,,,,,,,,,,,,,,
10/1/2020,,,,,,,,,,,,,,,,,,,,,,,,,,,,,,,,,,,
10/2/2020,,,,,,,,,,,,,,,,,,,,,,,,,,,,,,,,,,,
10/3/2020,,,,,,,,,,,,,,,,,,,,,,,,,,,,,,,,,,,
10/4/2020,,,,,,,,,,,,,,,,,,,,,,,,,,,,,,,,,,,
10/5/2020,,,,,,,,,,,,,,,,,,,,,,,,,,,,,,,,,,,
10/6/2020,,,,,,,,,,,,,,,,,,,,,,,,,,,,,,,,,,,
10/7/2020,,,,,,,,,,,,,,,,,,,,,,,,,,,,,,,,,,,
10/8/2020,,,,,,,,,,,,,,,,,,,,,,,,,,,,,,,,,,,
10/9/2020,,,,,,,,,,,,,,,,,,,,,,,,,,,,,,,,,,,
10/10/2020,,,,,,,,,,,,,,,,,,,,,,,,,,,,,,,,,,,
10/11/2020,,,,,,,,,,,,,,,,,,,,,,,,,,,,,,,,,,,
10/12/2020,,,,,,,,,,,,,,,,,,,,,,,,,,,,,,,,,,,
10/13/2020,,,,,,,,,,,,,,,,,,,,,,,,,,,,,,,,,,,
10/14/2020,,,,,,,,,,,,,,,,,,,,,,,,,,,,,,,,,,,
10/15/2020,,,,,,,,,,,,,,,,,,,,,,,,,,,,,,,,,,,
10/16/2020,,,,,,,,,,,,,,,,,,,,,,,,,,,,,,,,,,,
10/17/2020,,,,,,,,,,,,,,,,,,,,,,,,,,,,,,,,,,,
10/18/2020,,,,,,,,,,,,,,,,,,,,,,,,,,,,,,,,,,,
10/19/2020,,,,,,,,,,,,,,,,,,,,,,,,,,,,,,,,,,,
10/20/2020,,,,,,,,,,,,,,,,,,,,,,,,,,,,,,,,,,,
10/21/2020,,,,,,,,,,,,,,,,,,,,,,,,,,,,,,,,,,,
10/22/2020,,,,,,,,,,,,,,,,,,,,,,,,,,,,,,,,,,,
10/23/2020,,,,,,,,,,,,,,,,,,,,,,,,,,,,,,,,,,,
10/24/2020,,,,,,,,,,,,,,,,,,,,,,,,,,,,,,,,,,,
10/25/2020,,,,,,,,,,,,,,,,,,,,,,,,,,,,,,,,,,,
10/26/2020,,,,,,,,,,,,,,,,,,,,,,,,,,,,,,,,,,,
10/27/2020,,,,,,,,,,,,,,,,,,,,,,,,,,,,,,,,,,,
10/28/2020,,,,,,,,,,,,,,,,,,,,,,,,,,,,,,,,,,,
10/29/2020,,,,,,,,,,,,,,,,,,,,,,,,,,,,,,,,,,,
10/30/2020,,,,,,,,,,,,,,,,,,,,,,,,,,,,,,,,,,,
10/31/2020,,,,,,,,,,,,,,,,,,,,,,,,,,,,,,,,,,,
11/1/2020,,,,,,,,,,,,,,,,,,,,,,,,,,,,,,,,,,,
11/2/2020,,,,,,,,,,,,,,,,,,,,,,,,,,,,,,,,,,,
11/3/2020,,,,,,,,,,,,,,,,,,,,,,,,,,,,,,,,,,,
11/4/2020,,,,,,,,,,,,,,,,,,,,,,,,,,,,,,,,,,,
11/5/2020,,,,,,,,,,,,,,,,,,,,,,,,,,,,,,,,,,,
11/6/2020,,,,,,,,,,,,,,,,,,,,,,,,,,,,,,,,,,,
11/7/2020,,,,,,,,,,,,,,,,,,,,,,,,,,,,,,,,,,,
11/8/2020,,,,,,,,,,,,,,,,,,,,,,,,,,,,,,,,,,,
11/9/2020,,,,,,,,,,,,,,,,,,,,,,,,,,,,,,,,,,,
11/10/2020,,,,,,,,,,,,,,,,,,,,,,,,,,,,,,,,,,,
11/11/2020,,,,,,,,,,,,,,,,,,,,,,,,,,,,,,,,,,,
11/12/2020,,,,,,,,,,,,,,,,,,,,,,,,,,,,,,,,,,,
11/13/2020,,,,,,,,,,,,,,,,,,,,,,,,,,,,,,,,,,,
11/14/2020,,,,,,,,,,,,,,,,,,,,,,,,,,,,,,,,,,,
11/15/2020,,,,,,,,,,,,,,,,,,,,,,,,,,,,,,,,,,,
11/16/2020,,,,,,,,,,,,,,,,,,,,,,,,,,,,,,,,,,,
11/17/2020,,,,,,,,,,,,,,,,,,,,,,,,,,,,,,,,,,,
11/18/2020,,,,,,,,,,,,,,,,,,,,,,,,,,,,,,,,,,,
11/19/2020,,,,,,,,,,,,,,,,,,,,,,,,,,,,,,,,,,,
11/20/2020,,,,,,,,,,,,,,,,,,,,,,,,,,,,,,,,,,,
11/21/2020,,,,,,,,,,,,,,,,,,,,,,,,,,,,,,,,,,,
11/22/2020,,,,,,,,,,,,,,,,,,,,,,,,,,,,,,,,,,,
11/23/2020,,,,,,,,,,,,,,,,,,,,,,,,,,,,,,,,,,,
11/24/2020,,,,,,,,,,,,,,,,,,,,,,,,,,,,,,,,,,,
11/25/2020,,,,,,,,,,,,,,,,,,,,,,,,,,,,,,,,,,,
11/26/2020,,,,,,,,,,,,,,,,,,,,,,,,,,,,,,,,,,,
11/27/2020,,,,,,,,,,,,,,,,,,,,,,,,,,,,,,,,,,,
11/28/2020,,,,,,,,,,,,,,,,,,,,,,,,,,,,,,,,,,,
11/29/2020,,,,,,,,,,,,,,,,,,,,,,,,,,,,,,,,,,,
11/30/2020,,,,,,,,,,,,,,,,,,,,,,,,,,,,,,,,,,,
12/1/2020,,,,,,,,,,,,,,,,,,,,,,,,,,,,,,,,,,,
12/2/2020,,,,,,,,,,,,,,,,,,,,,,,,,,,,,,,,,,,
12/3/2020,,,,,,,,,,,,,,,,,,,,,,,,,,,,,,,,,,,
12/4/2020,,,,,,,,,,,,,,,,,,,,,,,,,,,,,,,,,,,
12/5/2020,,,,,,,,,,,,,,,,,,,,,,,,,,,,,,,,,,,
12/6/2020,,,,,,,,,,,,,,,,,,,,,,,,,,,,,,,,,,,
12/7/2020,,,,,,,,,,,,,,,,,,,,,,,,,,,,,,,,,,,
12/8/2020,,,,,,,,,,,,,,,,,,,,,,,,,,,,,,,,,,,
12/9/2020,,,,,,,,,,,,,,,,,,,,,,,,,,,,,,,,,,,
12/10/2020,,,,,,,,,,,,,,,,,,,,,,,,,,,,,,,,,,,
12/11/2020,,,,,,,,,,,,,,,,,,,,,,,,,,,,,,,,,,,
12/12/2020,,,,,,,,,,,,,,,,,,,,,,,,,,,,,,,,,,,
12/13/2020,,,,,,,,,,,,,,,,,,,,,,,,,,,,,,,,,,,
12/14/2020,,,,,,,,,,,,,,,,,,,,,,,,,,,,,,,,,,,
12/15/2020,,,,,,,,,,,,,,,,,,,,,,,,,,,,,,,,,,,
12/16/2020,,,,,,,,,,,,,,,,,,,,,,,,,,,,,,,,,,,
12/17/2020,,,,,,,,,,,,,,,,,,,,,,,,,,,,,,,,,,,
12/18/2020,,,,,,,,,,,,,,,,,,,,,,,,,,,,,,,,,,,
12/19/2020,,,,,,,,,,,,,,,,,,,,,,,,,,,,,,,,,,,
12/20/2020,,,,,,,,,,,,,,,,,,,,,,,,,,,,,,,,,,,
12/21/2020,,,,,,,,,,,,,,,,,,,,,,,,,,,,,,,,,,,
12/22/2020,,,,,,,,,,,,,,,,,,,,,,,,,,,,,,,,,,,
12/23/2020,,,,,,,,,,,,,,,,,,,,,,,,,,,,,,,,,,,
12/24/2020,,,,,,,,,,,,,,,,,,,,,,,,,,,,,,,,,,,
12/25/2020,,,,,,,,,,,,,,,,,,,,,,,,,,,,,,,,,,,
12/26/2020,,,,,,,,,,,,,,,,,,,,,,,,,,,,,,,,,,,
12/27/2020,,,,,,,,,,,,,,,,,,,,,,,,,,,,,,,,,,,
12/28/2020,,,,,,,,,,,,,,,,,,,,,,,,,,,,,,,,,,,
12/29/2020,,,,,,,,,,,,,,,,,,,,,,,,,,,,,,,,,,,
12/30/2020,,,,,,,,,,,,,,,,,,,,,,,,,,,,,,,,,,,
12/31/2020,,,,,,,,,,,,,,,,,,,,,,,,,,,,,,,,,,,
1/1/2021,,,,,,,,,,,,,,,,,,,,,,,,,,,,,,,,,,,
1/2/2021,,,,,,,,,,,,,,,,,,,,,,,,,,,,,,,,,,,
1/3/2021,,,,,,,,,,,,,,,,,,,,,,,,,,,,,,,,,,,
1/4/2021,,,,,,,,,,,,,,,,,,,,,,,,,,,,,,,,,,,
1/5/2021,,,,,,,,,,,,,,,,,,,,,,,,,,,,,,,,,,,
1/6/2021,,,,,,,,,,,,,,,,,,,,,,,,,,,,,,,,,,,
1/7/2021,,,,,,,,,,,,,,,,,,,,,,,,,,,,,,,,,,,
1/8/2021,,,,,,,,,,,,,,,,,,,,,,,,,,,,,,,,,,,
1/9/2021,,,,,,,,,,,,,,,,,,,,,,,,,,,,,,,,,,,
1/10/2021,,,,,,,,,,,,,,,,,,,,,,,,,,,,,,,,,,,
1/11/2021,,,,,,,,,,,,,,,,,,,,,,,,,,,,,,,,,,,
1/12/2021,,,,,,,,,,,,,,,,,,,,,,,,,,,,,,,,,,,
1/13/2021,,,,,,,,,,,,,,,,,,,,,,,,,,,,,,,,,,,
1/14/2021,,,,,,,,,,,,,,,,,,,,,,,,,,,,,,,,,,,
1/15/2021,,,,,,,,,,,,,,,,,,,,,,,,,,,,,,,,,,,
1/16/2021,,,,,,,,,,,,,,,,,,,,,,,,,,,,,,,,,,,
1/17/2021,,,,,,,,,,,,,,,,,,,,,,,,,,,,,,,,,,,
1/18/2021,,,,,,,,,,,,,,,,,,,,,,,,,,,,,,,,,,,
1/19/2021,,,,,,,,,,,,,,,,,,,,,,,,,,,,,,,,,,,
1/20/2021,,,,,,,,,,,,,,,,,,,,,,,,,,,,,,,,,,,
1/21/2021,,,,,,,,,,,,,,,,,,,,,,,,,,,,,,,,,,,
1/22/2021,,,,,,,,,,,,,,,,,,,,,,,,,,,,,,,,,,,
1/23/2021,,,,,,,,,,,,,,,,,,,,,,,,,,,,,,,,,,,
1/24/2021,,,,,,,,,,,,,,,,,,,,,,,,,,,,,,,,,,,
1/25/2021,,,,,,,,,,,,,,,,,,,,,,,,,,,,,,,,,,,
1/26/2021,,,,,,,,,,,,,,,,,,,,,,,,,,,,,,,,,,,
1/27/2021,,,,,,,,,,,,,,,,,,,,,,,,,,,,,,,,,,,
1/28/2021,,,,,,,,,,,,,,,,,,,,,,,,,,,,,,,,,,,
1/29/2021,,,,,,,,,,,,,,,,,,,,,,,,,,,,,,,,,,,
1/30/2021,,,,,,,,,,,,,,,,,,,,,,,,,,,,,,,,,,,
1/31/2021,,,,,,,,,,,,,,,,,,,,,,,,,,,,,,,,,,,
2/1/2021,,,,,,,,,,,,,,,,,,,,,,,,,,,,,,,,,,,
2/2/2021,,,,,,,,,,,,,,,,,,,,,,,,,,,,,,,,,,,
2/3/2021,,,,,,,,,,,,,,,,,,,,,,,,,,,,,,,,,,,
2/4/2021,,,,,,,,,,,,,,,,,,,,,,,,,,,,,,,,,,,
2/5/2021,,,,,,,,,,,,,,,,,,,,,,,,,,,,,,,,,,,
2/6/2021,,,,,,,,,,,,,,,,,,,,,,,,,,,,,,,,,,,
2/7/2021,,,,,,,,,,,,,,,,,,,,,,,,,,,,,,,,,,,
2/8/2021,,,,,,,,,,,,,,,,,,,,,,,,,,,,,,,,,,,
2/9/2021,,,,,,,,,,,,,,,,,,,,,,,,,,,,,,,,,,,
2/10/2021,,,,,,,,,,,,,,,,,,,,,,,,,,,,,,,,,,,
2/11/2021,,,,,,,,,,,,,,,,,,,,,,,,,,,,,,,,,,,
2/12/2021,,,,,,,,,,,,,,,,,,,,,,,,,,,,,,,,,,,
2/13/2021,,,,,,,,,,,,,,,,,,,,,,,,,,,,,,,,,,,
2/14/2021,,,,,,,,,,,,,,,,,,,,,,,,,,,,,,,,,,,
2/15/2021,,,,,,,,,,,,,,,,,,,,,,,,,,,,,,,,,,,
2/16/2021,,,,,,,,,,,,,,,,,,,,,,,,,,,,,,,,,,,
2/17/2021,,,,,,,,,,,,,,,,,,,,,,,,,,,,,,,,,,,
2/18/2021,,,,,,,,,,,,,,,,,,,,,,,,,,,,,,,,,,,
2/19/2021,,,,,,,,,,,,,,,,,,,,,,,,,,,,,,,,,,,
2/20/2021,,,,,,,,,,,,,,,,,,,,,,,,,,,,,,,,,,,
2/21/2021,0.0,,alpha,,,,,,,,,,,,,,,,,,,,,,,,,,,,,,,,
2/22/2021,,,alpha,,,,,,,,,,,,,,,,,,,,,,,,,,,,,,,,
2/23/2021,0.0,,alpha,,,,,,,,,,,,,,,,,,,,,,,,,,,,,,,,
2/24/2021,,,alpha,,,,,,,,,,,,,,,,,,,,,,,,,,,,,,,,
2/25/2021,,,alpha,,,,,,,,,,,,,,,,,,,,,,,,,,,,,,,,
2/26/2021,0.0,,alpha,,,,,,,,,,,,,,,,,,,,,,,,,,,,,,,,
2/27/2021,,,alpha,,,,,,,,,,,,,,,,,,,,,,,,,,,,,,,,
2/28/2021,0.0,,alpha,,,,,,,,,,,,,,,,,,,,,,,,,,,,,,,,
3/1/2021,,,alpha,,,,,,,,,,,,,,,,,,,,,,,,,,,,,,,,
3/2/2021,21.7,11.0,alpha,,,,,,,,,,,,,,,,,,,,,,,,,,,,,,,,
3/3/2021,,,alpha,,,,,,,,,,,,,,,,,,,,,,,,,,,,,,,,
3/4/2021,,,alpha,,,,,,,,,,,,,,,,,,,,,,,,,,,,,,,,
3/5/2021,0.0,,alpha,,,,,,,,,,,,,,,,,,,,,,,,,,,,,,,,
3/6/2021,,,alpha,,,,,,,,,,,,,,,,,,,,,,,,,,,,,,,,
3/7/2021,,,alpha,,,,,,,,,,,,,,,,,,,,,,,,,,,,,,,,
3/8/2021,,,alpha,,,,,,,,,,,,,,,,,,,,,,,,,,,,,,,,
3/9/2021,0.0,,alpha,,,,,,,,,,,,,,,,,,,,,,,,,,,,,,,,
3/10/2021,0.0,,alpha,,,,,,,,,,,,,,,,,,,,,,,,,,,,,,,,
3/11/2021,,,alpha,,,,,,,,,,,,,,,,,,,,,,,,,,,,,,,,
3/12/2021,,,alpha,,,,,,,,,,,,,,,,,,,,,,,,,,,,,,,,
3/13/2021,,,alpha,,,,,,,,,,,,,,,,,,,,,,,,,,,,,,,,
3/14/2021,,,alpha,,,,,,,,,,,,,,,,,,,,,,,,,,,,,,,,
3/15/2021,,,alpha,,,,,,,,,,,,,,,,,,,,,,,,,,,,,,,,
3/16/2021,0.0,,alpha,,,,,,,,,,,,,,,,,,,,,,,,,,,,,,,,
3/17/2021,,,alpha,,,,,,,,,,,,,,,,,,,,,,,,,,,,,,,,
3/18/2021,9.8,7.9,alpha,,,,,,,,,,,,,,,,,,,,,,,,,,,,,,,,
3/19/2021,,,alpha,,,,,,,,,,,,,,,,,,,,,,,,,,,,,,,,
3/20/2021,0.0,,alpha,,,,,,,,,,,,,,,,,,,,,,,,,,,,,,,,
3/21/2021,22.2,16.5,alpha,,,,,,,,,,,,,,,,,,,,,,,,,,,,,,,,
3/22/2021,,,alpha,,,,,,,,,,,,,,,,,,,,,,,,,,,,,,,,
3/23/2021,,,alpha,,,,,,,,,,,,,,,,,,,,,,,,,,,,,,,,
3/24/2021,45.8,33.1,alpha,,,,,,,,,,,,,,,,,,,,,,,,,,,,,,,,
3/25/2021,,,alpha,,,,,,,,,,,,,,,,,,,,,,,,,,,,,,,,
3/26/2021,,,alpha,,,,,,,,,,,,,,,,,,,,,,,,,,,,,,,,
3/27/2021,,,alpha,,,,,,,,,,,,,,,,,,,,,,,,,,,,,,,,
3/28/2021,57.1,33.0,alpha,,,,,,,,,,,,,,,,,,,,,,,,,,,,,,,,
3/29/2021,,,alpha,,,,,,,,,,,,,,,,,,,,,,,,,,,,,,,,
3/30/2021,,,alpha,,,,,,,,,,,,,,,,,,,,,,,,,,,,,,,,
3/31/2021,,,alpha,,,,,,,,,,,,,,,,,,,,,,,,,,,,,,,,
4/1/2021,82.8,31.4,alpha,,,,,,,,,,,,,,,,,,,,,,,,,,,,,,,,
4/2/2021,52.0,46.8,alpha,,,,,,,,,,,,,,,,,,,,,,,,,,,,,,,,
4/3/2021,56.7,39.2,alpha,,,,,,,,,,,,,,,,,,,,,,,,,,,,,,,,
4/4/2021,50.9,46.1,alpha,,,,,,,,,,,,,,,,,,,,,,,,,,,,,,,,
4/5/2021,,,alpha,,,,,,,,,,,,,,,,,,,,,,,,,,,,,,,,
4/6/2021,,,alpha,,,,,,,,,,,,,,,,,,,,,,,,,,,,,,,,
4/7/2021,,,alpha,,,,,,,,,,,,,,,,,,,,,,,,,,,,,,,,
4/8/2021,71.5,37.1,alpha,,,,,,,,,,,,,,,,,,,,,,,,,,,,,,,,
4/9/2021,,,alpha,,,,,,,,,,,,,,,,,,,,,,,,,,,,,,,,
4/10/2021,,,alpha,,,,,,,,,,,,,,,,,,,,,,,,,,,,,,,,
4/11/2021,73.5,31.9,alpha,,,,,,,,,,,,,,,,,,,,,,,,,,,,,,,,
4/12/2021,97.2,49.4,alpha,,,,,,,,,,,,,,,,,,,,,,,,,,,,,,,,
4/13/2021,94.7,40.9,alpha,,,,,,,,,,,,,,,,,,,,,,,,,,,,,,,,
4/14/2021,,,alpha,,,,,,,,,,,,,,,,,,,,,,,,,,,,,,,,
4/15/2021,,,alpha,,,,,,,,,,,,,,,,,,,,,,,,,,,,,,,,
4/16/2021,55.5,20.5,alpha,,,,,,,,,,,,,,,,,,,,,,,,,,,,,,,,
4/17/2021,,,alpha,,,,,,,,,,,,,,,,,,,,,,,,,,,,,,,,
4/18/2021,76.6,38.3,alpha,,,,,,,,,,,,,,,,,,,,,,,,,,,,,,,,
4/19/2021,,,alpha,,,,,,,,,,,,,,,,,,,,,,,,,,,,,,,,
4/20/2021,100.0,0.0,alpha,,,,,,,,,,,,,,,,,,,,,,,,,,,,,,,,
4/21/2021,98.7,65.7,alpha,,,,,,,,,,,,,,,,,,,,,,,,,,,,,,,,
4/22/2021,,,alpha,,,,,,,,,,,,,,,,,,,,,,,,,,,,,,,,
4/23/2021,66.8,21.7,alpha,,,,,,,,,,,,,,,,,,,,,,,,,,,,,,,,
4/24/2021,,,alpha,,,,,,,,,,,,,,,,,,,,,,,,,,,,,,,,
4/25/2021,69.3,40.5,alpha,,,,,,,,,,,,,,,,,,,,,,,,,,,,,,,,
4/26/2021,60.9,30.9,alpha,,,,,,,,,,,,,,,,,,,,,,,,,,,,,,,,
4/27/2021,100.0,0.0,alpha,,,,,,,,,,,,,,,,,,,,,,,,,,,,,,,,
4/28/2021,73.1,22.3,alpha,,,,,,,,,,,,,,,,,,,,,,,,,,,,,,,,
4/29/2021,,,alpha,,,,,,,,,,,,,,,,,,,,,,,,,,,,,,,,
4/30/2021,,,alpha,,,,,,,,,,,,,,,,,,,,,,,,,,,,,,,,
5/1/2021,81.6,53.1,alpha,,,,,,,,,,,,,,,,,,,,,,,,,,,,,,,,
5/2/2021,,,alpha,,,,,,,,,,,,,,,,,,,,,,,,,,,,,,,,
5/3/2021,,,alpha,,,,,,,,,,,,,,,,,,,,,,,,,,,,,,,,
5/4/2021,66.2,25.2,alpha,,,,,,,,,,,,,,,,,,,,,,,,,,,,,,,,
5/5/2021,84.5,36.3,alpha,,,,,,,,,,,,,,,,,,,,,,,,,,,,,,,,
5/6/2021,,,alpha,,,,,,,,,,,,,,,,,,,,,,,,,,,,,,,,
5/7/2021,78.2,35.0,alpha,,,,,,,,,,,,,,,,,,,,,,,,,,,,,,,,
5/8/2021,,,alpha,,,,,,,,,,,,,,,,,,,,,,,,,,,,,,,,
5/9/2021,,,alpha,,,,,,,,,,,,,,,,,,,,,,,,,,,,,,,,
5/10/2021,,,alpha,,,,,,,,,,,,,,,,,,,,,,,,,,,,,,,,
5/11/2021,57.7,37.4,alpha,,,,,,,,,,,,,,,,,,,,,,,,,,,,80.1,trace,,,
5/12/2021,81.6,59.1,alpha,,,,,,,,,,,,,,,,,,,,,,,,,,,,,,,,
5/13/2021,,,,,,,,,,,,,,,,,,,,,,,,,,,,,,,,,,,
5/14/2021,,,,,,,,,,,,,,,,,,,,,,,,,,,,,,,,,,,
5/15/2021,60.6,40.3,alpha,,,,,,,,,,,,,,,,,,,,,,,,,,,,,,,,
5/16/2021,83.7,19.8,alpha,,,,,,,,,,,,,,,,,,,,,,,,,,,,,,,,
5/17/2021,100.0,0.0,alpha,,,,,,,,,,,,,,,,,,,,,,,,,,,,,,,,
5/18/2021,100.0,0.0,alpha,,,,,,,,,,,,,,,,,,,,,,,,,,,,,,,,
5/19/2021,,,,,,,,,,,,,,,,,,,,,,,,,,,,,,,,,,,
5/20/2021,,,,,,,,,,,,,,,,,,,,,,,,,,,,,,,,,,,
5/21/2021,,,,,,,,,,,,,,,,,,,,,,,,,,,,,,,,,,,
5/22/2021,,,,,,,,,,,,,,,,,,,,,,,,,,,,,,,,,,,
5/23/2021,74.2,27.6,alpha,,,,,,,,,,,,,,,,,,,,,,,,,,,,,,,,
5/24/2021,69.8,49.0,alpha,,,,,,,,,,,,,,,,,,,,,,,,,,,,,,,,
5/25/2021,100.0,0.0,alpha,,,,,,,,,,,,,,,,,,,,,,,,,,,,,,,,
5/26/2021,100.0,0.0,alpha,,,,,,,,,,,,,,,,,,,,,,,,,,,,,,,,
5/27/2021,,,,,,,,,,,,,,,,,,,,,,,,,,,,,,,,,,,
5/28/2021,100.0,0.0,alpha,,,,,,,,,,,,,,,,,,,,,,,,,,,,,,,,
5/29/2021,100.0,0.0,alpha,,,,,,,,,,,,,,,,,,,,,,,,,,,,74,trace,,,
5/30/2021,100.0,0.0,alpha,,,,,,,,,,,,,,,,,,,,,,,,,,,,,,,,
5/31/2021,0.0,,alpha,,,,,,,,,,,,,,,,,,,,,,,,,,,,,,,,
6/1/2021,44.4,8.3,alpha,,,,,,,,,,,,,,,,,,,,,,,,,,,,,,,,
6/2/2021,100.0,0.0,alpha,,,,,,,,,,,,,,,,,,,,,,,,,,,,,,,,
6/3/2021,,,alpha,,,,,,,,,,,,,,,,,,,,,,,,,,,,,,,,
6/4/2021,83.4,24.6,alpha,,,,,,,,,,,,,,,,,,,,,,,,,,,,,,,,
6/5/2021,74.0,41.4,alpha,,,,,,,,,,,,,,,,,,,,,,,,,,,,,,,,
6/6/2021,,,alpha,,,,,,,,,,,,,,,,,,,,,,,,,,,,,,,,
6/7/2021,,,alpha,,,,,,,,,,,,,,,,,,,,,,,,,,,,,,,,
6/8/2021,100.0,0.0,alpha,,,,,,,,,,,,,,,,,,,,,,,,,,,,,,,,
6/9/2021,100.0,0.0,alpha,,,,,,,,,,,,,,,,,,,,,,,,,,,,,,,,
6/10/2021,,,alpha,,,,,,,,,,,,,,,,,,,,,,,,,,,,,,,,
6/11/2021,,,alpha,,,,,,,,,,,,,,,,,,,,,,,,,,,,,,,,
6/12/2021,,,alpha,,,,,,,,,,,,,,,,,,,,,,,,,,,,58,27,,,20% coverage
6/13/2021,100.0,0.0,alpha,,,,,,,,,,,,,,,,,,,,,,,,,,,,,,,,
6/14/2021,,,alpha,,,,,,,,,,,,,,,,,,,,,,,,,,,,,,,,
6/15/2021,0.0,,alpha,,,,,,,,,,,,,,,,,,,,,,,,,,,,,,,,
6/16/2021,0.0,,alpha,,,,,,,,,,,,,,,,,,,,,,,,,,,,,,,,
6/17/2021,,,alpha,,,,,,,,,,,,,,,,,,,,,,,,,,,,,,,,
6/18/2021,,,alpha,,,,,,,,,,,,,,,,,,,,,,,,,,,,,,,,
6/19/2021,0.0,,alpha,,,,,,,,,,,,,,,,,,,,,,,,,,,,,,,,
6/20/2021,100.0,0.0,alpha,,,,,,,,,,,,,,,,,,,,,,,,,,,,,,,,
6/21/2021,,,alpha,,,,,,,,,,,,,,,,,,,,,,,,,,,,,,,,
6/22/2021,,,alpha,,,,,,,,,,,,,,,,,,,,,,,,,,,,,,,,
6/23/2021,,,alpha,,,,,,,,,,,,,,,,,,,,,,,,,,,,,,,,
6/24/2021,,,alpha,,,,,,,,,,,,,,,,,,,,,,,,,,,,,,,,
6/25/2021,,,alpha,,,,,,,,,,,,,,,,,,,,,,,,,,,,,,,,
6/26/2021,,,alpha,,,,,,,,,,,,,,,,,,,,,,,,,,,,,,,,
6/27/2021,,,alpha,,,,,,,,,,,,,,,,,,,,,,,,,,,,,,,,
6/28/2021,,,alpha,,,,,,,,,,,,,,,,,,,,,,,,,,,,,,,,
6/29/2021,,,alpha,,,,,,,,,,,,,,,,,,,,,,,,,,,,,,,,
6/30/2021,,,alpha,,,,,,,,,,,,,,,,,,,,,,,,,,,,,,,,
7/1/2021,,,alpha,,,,,,,,,,,,,,,,,,,,,,,,,,,,,,,,
7/2/2021,12.0,,alpha,23.0,,,,,,,,,,,,,,,,,,,,,,,,,,,12,23,,,30% coverage
7/3/2021,,,alpha,,,,,,,,,,,,,,,,,,,,,,,,,,,,,,,,
7/4/2021,,,alpha,,,,,,,,,,,,,,,,,,,,,,,,,,,,,,,,
7/5/2021,,,alpha,,,,,,,,,,,,,,,,,,,,,,,,,,,,,,,,
7/6/2021,,,alpha,,,,,,,,,,,,,,,,,,,,,,,,,,,,,,,,
7/7/2021,,,alpha,,,,,,,,,,,,,,,,,,,,,,,,,,,,,,,,
7/8/2021,,,alpha,,,,,,,,,,,,,,,,,,,,,,,,,,,,,,,,
7/9/2021,,,alpha,,,,,,,,,,,,,,,,,,,,,,,,,,,,,,,,
7/10/2021,,,alpha,,,,,,,,,,,,,,,,,,,,,,,,,,,,,,,,
7/11/2021,,,alpha,,,,,,,,,,,,,,,,,,,,,,,,,,,,,,,,
7/12/2021,,,alpha,,,,,,,,,,,,,,,,,,,,,,,,,,,,,,,,
7/13/2021,,,alpha,,,,,,,,,,,,,,,,,,,,,,,,,,,,,,,,
7/14/2021,,,alpha,,,,,,,,,,,,,,,,,,,,,,,,,,,,,,,,
7/15/2021,,,alpha,,,,,,,,,,,,,,,,,,,,,,,,,,,,,,,,
7/16/2021,,,alpha,,,,,,,,,,,,,,,,,,,,,,,,,,,,,,,,
7/17/2021,,,alpha,,,,,,,,,,,,,,,,,,,,,,,,,,,,,,,,
7/18/2021,,,alpha,,,,,,,,,,,,,,,,,,,,,,,,,,,,,,,,
7/19/2021,,,alpha,,,,,,,,,,,,,,,,,,,,,,,,,,,,,,,,
7/20/2021,,,alpha,,,,,,,,,,,,,,,,,,,,,,,,,,,,,,,,
7/21/2021,,,alpha,,,,,,,,,,,,,,,,,,,,,,,,,,,,,,,,
7/22/2021,,,alpha,,,,,,,,,,,,,,,,,,,,,,,,,,,,,,,,
7/23/2021,,,alpha,,,,,,,,,,,,,,,,,,,,,,,,,,,,,,,,
7/24/2021,,,alpha,,,,,,,,,,,,,,,,,,,,,,,,,,,,,,,,
7/25/2021,,,alpha,,,,,,,,,,,,,,,,,,,,,,,,,,,,,,,,
7/26/2021,,,alpha,,,,,,,,,,,,,,,,,,,,,,,,,,,,11,0,,,
7/27/2021,,,alpha,,,,,,,,,,,,,,,,,,,,,,,,,,,,,,,,
7/28/2021,,,alpha,,,,,,,,,,,,,,,,,,,,,,,,,,,,,,,,
7/29/2021,,,alpha,,,,,,,,,,,,,,,,,,,,,,,,,,,,,,,,
7/30/2021,,,alpha,,,,,,,,,,,,,,,,,,,,,,,,,,,,,,,,
7/31/2021,,,alpha,,,,,,,,,,,,,,,,,,,,,,,,,,,,,,,,
8/1/2021,,,alpha,,,,,,,,,,,,,,,,,,,,,,,,,,,,,,,,
8/2/2021,,,alpha,,,,,,,,,,,,,,,,,,,,,,,,,,,,,,,,
8/3/2021,,,alpha,,,,,,,,,,,,,,,,,,,,,,,,,,,,,,,,
8/4/2021,,,alpha,,,,,,,,,,,,,,,,,,,,,,,,,,,,,,,,
8/5/2021,,,alpha,,,,,,,,,,,,,,,,,,,,,,,,,,,,,,,,
8/6/2021,,,alpha,,,,,,,,,,,,,,,,,,,,,,,,,,,,,,,,
8/7/2021,,,alpha,,,,,,,,,,,,,,,,,,,,,,,,,,,,,,,,
8/8/2021,,,alpha,,,,,,,,,,,,,,,,,,,,,,,,,,,,,,,,
8/9/2021,,,alpha,,,,,,,,,,,,,,,,,,,,,,,,,,,,,,,,
8/10/2021,,,alpha,,,,,,,,,,,,,,,,,,,,,,,,,,,,,,,,
8/11/2021,,,alpha,,,,,,,,,,,,,,,,,,,,,,,,,,,,,,,,
8/12/2021,,,alpha,,,,,,,,,,,,,,,,,,,,,,,,,,,,,,,,
8/13/2021,0.0,,alpha,83.0,,delta,,,,,,,,,,,,,,,,,,,,,,,,,,83,,,B.1.526 trace
8/14/2021,,,alpha,,,delta,,,,,,,,,,,,,,,,,,,,,,,,,,,,,
8/15/2021,,,alpha,,,delta,,,,,,,,,,,,,,,,,,,,,,,,,,,,,
8/16/2021,,,alpha,,,delta,,,,,,,,,,,,,,,,,,,,,,,,,,,,,
8/17/2021,,,alpha,,,delta,,,,,,,,,,,,,,,,,,,,,,,,,,,,,
8/18/2021,,,alpha,,,delta,,,,,,,,,,,,,,,,,,,,,,,,,,,,,
8/19/2021,,,alpha,,,delta,,,,,,,,,,,,,,,,,,,,,,,,,,,,,
8/20/2021,,,alpha,,,delta,,,,,,,,,,,,,,,,,,,,,,,,,,,,,
8/21/2021,,,alpha,,,delta,,,,,,,,,,,,,,,,,,,,,,,,,,,,,
8/22/2021,,,alpha,,,delta,,,,,,,,,,,,,,,,,,,,,,,,,,,,,
8/23/2021,,,alpha,,,delta,,,,,,,,,,,,,,,,,,,,,,,,,,,,,
8/24/2021,,,alpha,,,delta,,,,,,,,,,,,,,,,,,,,,,,,,,,,,
8/25/2021,,,alpha,,,delta,,,,,,,,,,,,,,,,,,,,,,,,,,,,,
8/26/2021,,,alpha,,,delta,,,,,,,,,,,,,,,,,,,,,,,,,,,,,
8/27/2021,,,alpha,,,delta,,,,,,,,,,,,,,,,,,,,,,,,,,,,,
8/28/2021,,,alpha,,,delta,,,,,,,,,,,,,,,,,,,,,,,,,,,,,
8/29/2021,,,alpha,,,delta,,,,,,,,,,,,,,,,,,,,,,,,,,,,,
8/30/2021,,,alpha,,,delta,,,,,,,,,,,,,,,,,,,,,,,,,,,,,
8/31/2021,,,alpha,,,delta,,,,,,,,,,,,,,,,,,,,,,,,,,,,,
9/1/2021,,,alpha,,,delta,,,,,,,,,,,,,,,,,,,,,,,,,,,,,
9/2/2021,,,alpha,,,delta,,,,,,,,,,,,,,,,,,,,,,,,,,100,,,"(AY.12 major, AY.25 minor)"
9/3/2021,,,alpha,,,delta,,,,,,,,,,,,,,,,,,,,,,,,,,,,,
9/4/2021,,,alpha,,,delta,,,,,,,,,,,,,,,,,,,,,,,,,,,,,
9/5/2021,,,alpha,,,delta,,,,,,,,,,,,,,,,,,,,,,,,,,,,,
9/6/2021,,,alpha,,,delta,,,,,,,,,,,,,,,,,,,,,,,,,,,,,
9/7/2021,,,alpha,,,delta,,,,,,,,,,,,,,,,,,,,,,,,,,,,,
9/8/2021,,,alpha,,,delta,,,,,,,,,,,,,,,,,,,,,,,,,,94,,,(B.1.617.2 and minor AY.5)
9/9/2021,,,alpha,,,delta,,,,,,,,,,,,,,,,,,,,,,,,,,,,,
9/10/2021,,,alpha,,,delta,,,,,,,,,,,,,,,,,,,,,,,,,,,,,
9/11/2021,,,alpha,,,delta,,,,,,,,,,,,,,,,,,,,,,,,,,,,,
9/12/2021,,,alpha,,,delta,,,,,,,,,,,,,,,,,,,,,,,,,,,,,
9/13/2021,,,alpha,,,delta,,,,,,,,,,,,,,,,,,,,,,,,,,,,,
9/14/2021,,,alpha,,,delta,,,,,,,,,,,,,,,,,,,,,,,,,,,,,
9/15/2021,,,alpha,,,delta,,,,,,,,,,,,,,,,,,,,,,,,,,,,,
9/16/2021,,,alpha,,,delta,,,,,,,,,,,,,,,,,,,,,,,,,,,,,
9/17/2021,,,alpha,,,delta,,,,,,,,,,,,,,,,,,,,,,,,,,,,,
9/18/2021,,,alpha,,,delta,,,,,,,,,,,,,,,,,,,,,,,,,,70,,,AY.4 major and AY.27 minor)
9/19/2021,,,alpha,,,delta,,,,,,,,,,,,,,,,,,,,,,,,,,,,,
9/20/2021,,,alpha,,,delta,,,,,,,,,,,,,,,,,,,,,,,,,,50,,,low coverage
9/21/2021,,,alpha,,,delta,,,,,,,,,,,,,,,,,,,,,,,,,,,,,
9/22/2021,,,alpha,,,delta,,,,,,,,,,,,,,,,,,,,,,,,,,,,,
9/23/2021,,,alpha,,,delta,,,,,,,,,,,,,,,,,,,,,,,,,,,,,
9/24/2021,,,alpha,,,delta,,,,,,,,,,,,,,,,,,,,,,,,,,69,,,"AY.33, AY.25, AY.27"
9/25/2021,,,alpha,,,delta,,,,,,,,,,,,,,,,,,,,,,,,,,,,,
9/26/2021,,,alpha,,,delta,,,,,,,,,,,,,,,,,,,,,,,,,,84,,,"AY.4, AY3, AY.25"
9/27/2021,,,alpha,,,delta,,,,,,,,,,,,,,,,,,,,,,,,,,,,,
9/28/2021,,,alpha,,,delta,,,,,,,,,,,,,,,,,,,,,,,,,,61,,,AY.25
9/29/2021,,,alpha,,,delta,,,,,,,,,,,,,,,,,,,,,,,,,,,,,
9/30/2021,,,alpha,,,delta,,,,,,,,,,,,,,,,,,,,,,,,,,75,,,AY.25
10/1/2021,,,alpha,,,delta,,,,,,,,,,,,,,,,,,,,,,,,,,,,,
10/2/2021,,,alpha,,,delta,,,,,,,,,,,,,,,,,,,,,,,,,,61,,,low coverage
10/3/2021,,,alpha,,,delta,,,,,,,,,,,,,,,,,,,,,,,,,,,,,
10/4/2021,,,alpha,,,delta,,,,,,,,,,,,,,,,,,,,,,,,,,,,,
10/5/2021,,,alpha,,,delta,,,,,,,,,,,,,,,,,,,,,,,,,,,,,
10/6/2021,,,alpha,,,delta,,,,,,,,,,,,,,,,,,,,,,,,,,,,,
10/7/2021,,,alpha,,,delta,,,,,,,,,,,,,,,,,,,,,,,,,,,,,
10/8/2021,,,alpha,,,delta,,,,,,,,,,,,,,,,,,,,,,,,,,,,,
10/9/2021,,,alpha,,,delta,,,,,,,,,,,,,,,,,,,,,,,,,,,,,
10/10/2021,,,alpha,,,delta,,,,,,,,,,,,,,,,,,,,,,,,,,,,,
10/11/2021,,,alpha,,,delta,,,,,,,,,,,,,,,,,,,,,,,,,,,,,
10/12/2021,,,alpha,,,delta,,,,,,,,,,,,,,,,,,,,,,,,,,62,,,"AY.25, AY.27"
10/13/2021,,,alpha,,,delta,,,,,,,,,,,,,,,,,,,,,,,,,,,,,
10/14/2021,,,alpha,,,delta,,,,,,,,,,,,,,,,,,,,,,,,,,77,,,AY.27
10/15/2021,,,alpha,,,delta,,,,,,,,,,,,,,,,,,,,,,,,,,,,,
10/16/2021,,,alpha,,,delta,,,,,,,,,,,,,,,,,,,,,,,,,,38,,,"AY.25, AY.36"
10/17/2021,,,alpha,,,delta,,,,,,,,,,,,,,,,,,,,,,,,,,,,,
10/18/2021,,,alpha,,,delta,,,,,,,,,,,,,,,,,,,,,,,,,,,,,
10/19/2021,,,alpha,,,delta,,,,,,,,,,,,,,,,,,,,,,,,,,,,,
10/20/2021,,,alpha,,,delta,,,,,,,,,,,,,,,,,,,,,,,,,,38,,,
10/21/2021,,,alpha,,,delta,,,,,,,,,,,,,,,,,,,,,,,,,,,,,
10/22/2021,,,alpha,,,delta,,,,,,,,,,,,,,,,,,,,,,,,,,100,,,AY.25
10/23/2021,,,alpha,,,delta,,,,,,,,,,,,,,,,,,,,,,,,,,,,,
10/24/2021,,,alpha,,,delta,,,,,,,,,,,,,,,,,,,,,,,,,,54,,,AY.27
10/25/2021,,,alpha,,,delta,,,,,,,,,,,,,,,,,,,,,,,,,,,,,
10/26/2021,,,alpha,,,delta,,,,,,,,,,,,,,,,,,,,,,,,,,,,,
10/27/2021,,,alpha,,,delta,,,,,,,,,,,,,,,,,,,,,,,,,,,,,
10/28/2021,,,alpha,,,delta,,,,,,,,,,,,,,,,,,,,,,,,,,62,,,
10/29/2021,,,alpha,,,delta,,,,,,,,,,,,,,,,,,,,,,,,,,,,,
10/30/2021,,,alpha,,,delta,,,,,,,,,,,,,,,,,,,,,,,,,,,,,
10/31/2021,,,alpha,,,delta,,,,,,,,,,,,,,,,,,,,,,,,,,,,,
11/1/2021,,,alpha,,,delta,,,,,,,,,,,,,,,,,,,,,,,,,,,,,
11/2/2021,,,alpha,,,delta,,,,,,,,,,,,,,,,,,,,,,,,,,,,,
11/3/2021,,,alpha,,,delta,,,,,,,,,,,,,,,,,,,,,,,,,,,,,
11/4/2021,,,alpha,,,delta,,,,,,,,,,,,,,,,,,,,,,,,,,,,,
11/5/2021,,,alpha,,,delta,0.0,,Omicron (BA.X),,,,,,,,,,,,,,,,,,,,,,,54,,,AY.27
11/6/2021,,,alpha,,,delta,,,Omicron (BA.X),,,,,,,,,,,,,,,,,,,,,,,,,,
11/7/2021,,,alpha,,,delta,,,Omicron (BA.X),,,,,,,,,,,,,,,,,,,,,,,,,,
11/8/2021,,,alpha,,,delta,,,Omicron (BA.X),,,,,,,,,,,,,,,,,,,,,,,,,,
11/9/2021,,,alpha,,,delta,,,Omicron (BA.X),,,,,,,,,,,,,,,,,,,,,,,,,,
11/10/2021,,,alpha,69.0,58.0,delta,0.0,,Omicron (BA.X),,,,,,,,,,,,,,,,,,,,,,,,,,
11/11/2021,,,alpha,,,delta,,,Omicron (BA.X),,,,,,,,,,,,,,,,,,,,,,,,,,
11/12/2021,,,alpha,,,delta,,,Omicron (BA.X),,,,,,,,,,,,,,,,,,,,,,,,,,
11/13/2021,,,alpha,,,delta,,,Omicron (BA.X),,,,,,,,,,,,,,,,,,,,,,,,,,
11/14/2021,,,alpha,,,delta,,,Omicron (BA.X),,,,,,,,,,,,,,,,,,,,,,,,,,
11/15/2021,,,alpha,56.9,18.3,delta,0.0,,Omicron (BA.X),,,,,,,,,,,,,,,,,,,,,,,62,,,AY.27
11/16/2021,,,alpha,,,delta,,,Omicron (BA.X),,,,,,,,,,,,,,,,,,,,,,,,,,
11/17/2021,,,alpha,,,delta,,,Omicron (BA.X),,,,,,,,,,,,,,,,,,,,,,,,,,
11/18/2021,,,alpha,,,delta,,,Omicron (BA.X),,,,,,,,,,,,,,,,,,,,,,,,,,
11/19/2021,,,alpha,,,delta,,,Omicron (BA.X),,,,,,,,,,,,,,,,,,,,,,,,,,
11/20/2021,,,alpha,50.0,8.0,delta,0.0,,Omicron (BA.X),,,,,,,,,,,,,,,,,,,,,,,,,,
11/21/2021,,,alpha,,,delta,,,Omicron (BA.X),,,,,,,,,,,,,,,,,,,,,,,,,,
11/22/2021,,,alpha,,,delta,,,Omicron (BA.X),,,,,,,,,,,,,,,,,,,,,,,,,,
11/23/2021,,,alpha,,,delta,,,Omicron (BA.X),,,,,,,,,,,,,,,,,,,,,,,,,,
11/24/2021,,,alpha,,,delta,,,Omicron (BA.X),,,,,,,,,,,,,,,,,,,,,,,,,,
11/25/2021,,,alpha,,,delta,0.0,,Omicron (BA.X),,,,,,,,,,,,,,,,,,,,,,,15,,,"AY.27, low coverage"
11/26/2021,,,alpha,,,delta,,,Omicron (BA.X),,,,,,,,,,,,,,,,,,,,,,,,,,
11/27/2021,,,alpha,103.8,55.4,delta,0.0,,Omicron (BA.X),,,,,,,,,,,,,,,,,,,,,,,38,,,low coverage
11/28/2021,,,alpha,,,delta,,,Omicron (BA.X),,,,,,,,,,,,,,,,,,,,,,,,,,
11/29/2021,,,alpha,92.2,1.9,delta,0.0,,Omicron (BA.X),,,,,,,,,,,,,,,,,,,,,,,29,,,low coverage
11/30/2021,,,alpha,,,delta,0.0,,Omicron (BA.X),,,,,,,,,,,,,,,,,,,,,,,,,,
12/1/2021,,,alpha,59.5,10.0,delta,0.0,,Omicron (BA.X),,,,,,,,,,,,,,,,,,,,,,,69,,,"AY.27, AY.20"
12/2/2021,,,alpha,,,delta,,,Omicron (BA.X),,,,,,,,,,,,,,,,,,,,,,,,,,
12/3/2021,,,alpha,97.5,19.6,delta,,,Omicron (BA.X),,,,,,,,,,,,,,,,,,,,,,,84,,,
12/4/2021,,,alpha,65.8,36.1,delta,,,Omicron (BA.X),,,,,,,,,,,,,,,,,,,,,,,,,,
12/5/2021,,,alpha,77.1,18.9,delta,2.0,1.0,Omicron (BA.X),,,,,,,,,,,,,,,,,,,,,,,38,13,,BA.1
12/6/2021,,,alpha,49.7,70.0,delta,,,Omicron (BA.X),,,,,,,,,,,,,,,,,,,,,,,,,,
12/7/2021,,,alpha,110.8,26.6,delta,0.0,,Omicron (BA.X),,,,,,,,,,,,,,,,,,,,,,,,,,
12/8/2021,,,alpha,75.2,7.1,delta,0.0,,Omicron (BA.X),,,,,,,,,,,,,,,,,,,,,,,,,,
12/9/2021,,,alpha,79.8,23.8,delta,8.0,1.0,Omicron (BA.X),,,,,,,,,,,,,,,,,,,,,,,,,,
12/10/2021,,,alpha,63.3,10.9,delta,32.0,19.0,Omicron (BA.X),,,,,,,,,,,,,,,,,,,,,,,,68,,trace BA.2. and Delta
12/11/2021,,,alpha,61.8,19.2,delta,,,Omicron (BA.X),,,,,,,,,,,,,,,,,,,,,,,56,28,,
12/12/2021,,,alpha,40.6,15.9,delta,45.0,9.0,Omicron (BA.X),,,,,,,,,,,,,,,,,,,,,,,,,,
12/13/2021,,,alpha,88.5,28.0,delta,149.0,89.0,Omicron (BA.X),,,,,,,,,,,,,,,,,,,,,,,69,44,,AY.27
12/14/2021,,,alpha,19.6,7.2,delta,33.0,1.0,Omicron (BA.X),,,,,,,,,,,,,,,,,,,,,,,,,,
12/15/2021,,,alpha,83.2,30.6,delta,,,Omicron (BA.X),,,,,,,,,,,,,,,,,,,,,,,,,,
12/16/2021,,,alpha,16.4,11.7,delta,83.0,18.0,Omicron (BA.X),,,,,,,,,,,,,,,,,,,,,,,,,,
12/17/2021,,,alpha,27.8,18.9,delta,91.0,34.0,Omicron (BA.X),,,,,,,,,,,,,,,,,,,,,,,31,51,,
12/18/2021,,,alpha,15.0,2.4,delta,111.0,36.0,Omicron (BA.X),,,,,,,,,,,,,,,,,,,,,,,,,,
12/19/2021,,,alpha,11.8,1.2,delta,65.0,27.0,Omicron (BA.X),,,,,,,,,,,,,,,,,,,,,,,,,,
12/20/2021,,,alpha,12.8,6.3,delta,168.0,24.0,Omicron (BA.X),,,,,,,,,,,,,,,,,,,,,,,,,,
12/21/2021,,,alpha,,,delta,,,Omicron (BA.X),,,,,,,,,,,,,,,,,,,,,,,,,,
12/22/2021,,,alpha,,,delta,,,Omicron (BA.X),,,,,,,,,,,,,,,,,,,,,,,,,,
12/23/2021,,,alpha,26.3,2.6,delta,,,Omicron (BA.X),,,,,,,,,,,,,,,,,,,,,,,,,,
12/24/2021,,,alpha,6.9,0.8,delta,99.0,8.0,Omicron (BA.X),,,,,,,,,,,,,,,,,,,,,,,,,,
12/25/2021,,,alpha,7.1,1.4,delta,,,Omicron (BA.X),,,,,,,,,,,,,,,,,,,,,,,19,57,,
12/26/2021,,,alpha,6.9,1.8,delta,190.0,53.0,Omicron (BA.X),,,,,,,,,,,,,,,,,,,,,,,,,,
12/27/2021,,,alpha,6.5,1.7,delta,,,Omicron (BA.X),,,,,,,,,,,,,,,,,,,,,,,,,,
12/28/2021,,,alpha,1.7,0.4,delta,,,Omicron (BA.X),,,,,,,,,,,,,,,,,,,,,,,,,,
12/29/2021,,,alpha,2.1,0.4,delta,150.0,30.0,Omicron (BA.X),,,,,,,,,,,,,,,,,,,,,,,,,,
12/30/2021,,,alpha,2.8,0.3,delta,,,Omicron (BA.X),,,,,,,,,,,,,,,,,,,,,,,,,,
12/31/2021,,,alpha,,,delta,,,Omicron (BA.X),,,,,,,,,,,,,,,,,,,,,,,,,,
1/1/2022,,,alpha,,,delta,126.0,12.0,Omicron (BA.X),,,,,,,,,,,,,,,,,,,,,,,,,,
1/2/2022,,,alpha,,,delta,,,Omicron (BA.X),,,,,,,,,,,,,,,,,,,,,,,17,58,,
1/3/2022,,,alpha,1.7,0.4,delta,,,Omicron (BA.X),,,,,,,,,,,,,,,,,,,,,,,,,,
1/4/2022,,,alpha,2.3,0.5,delta,,,Omicron (BA.X),,,,,,,,,,,,,,,,,,,,,,,,,,
1/5/2022,,,alpha,1.3,0.5,delta,118.0,27.0,Omicron (BA.X),,,,,,,,,,,,,,,,,,,,,,,,,,
1/6/2022,,,alpha,,,delta,,,Omicron (BA.X),,,,,,,,,,,,,,,,,,,,,,,,,,
1/7/2022,,,alpha,,,delta,,,Omicron (BA.X),,,,,,,,,,,,,,,,,,,,,,,,,,
1/8/2022,,,alpha,,,delta,163.0,26.0,Omicron (BA.X),,,,,,,,,,,,,,,,,,,,,,,16,81,13,
1/9/2022,,,alpha,,,delta,,,Omicron (BA.X),,,,,,,,,,,,,,,,,,,,,,,,,,
1/10/2022,,,alpha,,,delta,,,Omicron (BA.X),,,,,,,,,,,,,,,,,,,,,,,,,,
1/11/2022,,,alpha,,,delta,,,Omicron (BA.X),,,,,,,,,,,,,,,,,,,,,,,,,,
1/12/2022,,,alpha,1.1,0.3,delta,87.0,5.0,Omicron (BA.X),,,,,,,,,,,,,,,,,,,,,,,,,,
1/13/2022,,,alpha,,,delta,,,Omicron (BA.X),,,,,,,,,,,,,,,,,,,,,,,,,,
1/14/2022,,,alpha,,,delta,,,Omicron (BA.X),0.0,0.0,Omicron (BA.2),,,,,,,,,,,,,,,,,,,,,,,
1/15/2022,,,alpha,,,delta,,,Omicron (BA.X),,,Omicron (BA.2),,,,,,,,,,,,,,,,,,,,,,,
1/16/2022,,,alpha,,,delta,,,Omicron (BA.X),,,Omicron (BA.2),,,,,,,,,,,,,,,,,,,,,91,,Trace BA.2 and Delta
1/17/2022,,,alpha,,,delta,,,Omicron (BA.X),,,Omicron (BA.2),,,,,,,,,,,,,,,,,,,,,,,
1/18/2022,,,alpha,0.2,0.1,delta,94.0,15.0,Omicron (BA.X),,,Omicron (BA.2),,,,,,,,,,,,,,,,,,,,,86,,Trace BA.2 and Delta
1/19/2022,,,alpha,,,delta,,,Omicron (BA.X),0.0,0.0,Omicron (BA.2),,,,,,,,,,,,,,,,,,,,,,,
1/20/2022,,,alpha,,,delta,149.0,25.0,Omicron (BA.X),,,Omicron (BA.2),,,,,,,,,,,,,,,,,,,,,,,
1/21/2022,,,alpha,,,delta,,,Omicron (BA.X),,,Omicron (BA.2),,,,,,,,,,,,,,,,,,,,,,,
1/22/2022,,,alpha,,,delta,,,Omicron (BA.X),,,Omicron (BA.2),,,,,,,,,,,,,,,,,,,,,95,,Trace BA.2
1/23/2022,,,alpha,,,delta,,,Omicron (BA.X),,,Omicron (BA.2),,,,,,,,,,,,,,,,,,,,,,,
1/24/2022,,,alpha,,,delta,75.0,11.0,Omicron (BA.X),,,Omicron (BA.2),,,,,,,,,,,,,,,,,,,,,,,
1/25/2022,,,alpha,,,delta,,,Omicron (BA.X),0.0,0.0,Omicron (BA.2),,,,,,,,,,,,,,,,,,,,,,,
1/26/2022,,,alpha,,,delta,,,Omicron (BA.X),,,Omicron (BA.2),,,,,,,,,,,,,,,,,,,,,87,27,
1/27/2022,,,alpha,2.2,1.5,delta,,,Omicron (BA.X),0.0,0.0,Omicron (BA.2),,,,,,,,,,,,,,,,,,,,,,,
1/28/2022,,,alpha,,,delta,,,Omicron (BA.X),,,Omicron (BA.2),,,,,,,,,,,,,,,,,,,,,,,
1/29/2022,,,alpha,,,delta,,,Omicron (BA.X),,,Omicron (BA.2),,,,,,,,,,,,,,,,,,,,,,,
1/30/2022,,,alpha,,,delta,,,Omicron (BA.X),,,Omicron (BA.2),,,,,,,,,,,,,,,,,,,,,,,
1/31/2022,,,alpha,,,delta,,,Omicron (BA.X),,,Omicron (BA.2),,,,,,,,,,,,,,,,,,,,,,,
2/1/2022,,,alpha,0.4,,delta,106.0,29.0,Omicron (BA.X),0.0,0.0,Omicron (BA.2),,,,,,,,,,,,,,,,,,,,,,,
2/2/2022,,,alpha,,,delta,,,Omicron (BA.X),,,Omicron (BA.2),,,,,,,,,,,,,,,,,,,,,,,
2/3/2022,,,alpha,2.6,,delta,,,Omicron (BA.X),0.0,0.0,Omicron (BA.2),,,,,,,,,,,,,,,,,,,,,,,
2/4/2022,,,alpha,1.8,,delta,95.0,15.0,Omicron (BA.X),,,Omicron (BA.2),,,,,,,,,,,,,,,,,,,,,,,
2/5/2022,,,alpha,,,delta,,,Omicron (BA.X),,,Omicron (BA.2),,,,,,,,,,,,,,,,,,,,,94,,Trace BA.2
2/6/2022,,,alpha,,,delta,,,Omicron (BA.X),,,Omicron (BA.2),,,,,,,,,,,,,,,,,,,,,,,
2/7/2022,,,alpha,,,delta,,,Omicron (BA.X),,,Omicron (BA.2),,,,,,,,,,,,,,,,,,,,,79,23,
2/8/2022,,,alpha,0.0,,delta,104.0,42.0,Omicron (BA.X),0.0,0.0,Omicron (BA.2),,,,,,,,,,,,,,,,,,,,,,,
2/9/2022,,,alpha,,,delta,,,Omicron (BA.X),,,Omicron (BA.2),,,,,,,,,,,,,,,,,,,,11,86,18,
2/10/2022,,,alpha,0.0,,delta,98.0,58.0,Omicron (BA.X),0.0,0.0,Omicron (BA.2),,,,,,,,,,,,,,,,,,,,,,,
2/11/2022,,,alpha,1.3,,delta,86.0,10.0,Omicron (BA.X),,,Omicron (BA.2),,,,,,,,,,,,,,,,,,,,,53,30,
2/12/2022,,,alpha,,,delta,,,Omicron (BA.X),,,Omicron (BA.2),,,,,,,,,,,,,,,,,,,,,,,
2/13/2022,,,alpha,,,delta,,,Omicron (BA.X),,,Omicron (BA.2),,,,,,,,,,,,,,,,,,,,,,,
2/14/2022,,,alpha,1.9,,delta,69.0,16.0,Omicron (BA.X),2.0,0.0,Omicron (BA.2),103.0,18.0,Omicron (BA.1),,,,,,,,,,,,,,,,,,,,
2/15/2022,,,alpha,,,delta,,,Omicron (BA.X),,,Omicron (BA.2),,,Omicron (BA.1),,,,,,,,,,,,,,,,,,76,24,
2/16/2022,,,alpha,2.1,2.5,delta,,,Omicron (BA.X),3.0,2.0,Omicron (BA.2),,,Omicron (BA.1),,,,,,,,,,,,,,,,,,,,
2/17/2022,,,alpha,0.8,0.4,delta,,,Omicron (BA.X),,,Omicron (BA.2),,,Omicron (BA.1),,,,,,,,,,,,,,,,,,,,
2/18/2022,,,alpha,,,delta,,,Omicron (BA.X),0.0,0.0,Omicron (BA.2),,,Omicron (BA.1),,,,,,,,,,,,,,,,,,,,
2/19/2022,,,alpha,,,delta,,,Omicron (BA.X),,,Omicron (BA.2),,,Omicron (BA.1),,,,,,,,,,,,,,,,,,79,16,
2/20/2022,,,alpha,,,delta,,,Omicron (BA.X),,,Omicron (BA.2),,,Omicron (BA.1),,,,,,,,,,,,,,,,,,,,
2/21/2022,,,alpha,,,delta,105.0,46.0,Omicron (BA.X),,,Omicron (BA.2),102.0,34.0,Omicron (BA.1),,,,,,,,,,,,,,,,,,,,
2/22/2022,,,alpha,0.0,,delta,,,Omicron (BA.X),,,Omicron (BA.2),,,Omicron (BA.1),,,,,,,,,,,,,,,,,,,,
2/23/2022,,,alpha,,,delta,,,Omicron (BA.X),,,Omicron (BA.2),,,Omicron (BA.1),,,,,,,,,,,,,,,,,,,,
2/24/2022,,,alpha,,,delta,,,Omicron (BA.X),,,Omicron (BA.2),,,Omicron (BA.1),,,,,,,,,,,,,,,,,,,,
2/25/2022,,,alpha,,,delta,,,Omicron (BA.X),,,Omicron (BA.2),,,Omicron (BA.1),,,,,,,,,,,,,,,,,,56,28,
2/26/2022,,,alpha,0.0,,delta,,,Omicron (BA.X),,,Omicron (BA.2),,,Omicron (BA.1),,,,,,,,,,,,,,,,,,,,
2/27/2022,,,alpha,,,delta,130.0,38.0,Omicron (BA.X),4.0,1.0,Omicron (BA.2),105.0,47.0,Omicron (BA.1),,,,,,,,,,,,,,,,,,,,
2/28/2022,,,alpha,0.0,,delta,,,Omicron (BA.X),,,Omicron (BA.2),,,Omicron (BA.1),,,,,,,,,,,,,,,,,,,,
3/1/2022,,,alpha,,,delta,,,Omicron (BA.X),,,Omicron (BA.2),,,Omicron (BA.1),,,,,,,,,,,,,,,,,,70,23,
3/2/2022,,,alpha,,,delta,,,Omicron (BA.X),,,Omicron (BA.2),,,Omicron (BA.1),,,,,,,,,,,,,,,,,,,,
3/3/2022,,,alpha,,,delta,,,Omicron (BA.X),,,Omicron (BA.2),,,Omicron (BA.1),,,,,,,,,,,,,,,,,,56,33,
3/4/2022,,,alpha,,,delta,,,Omicron (BA.X),,,Omicron (BA.2),,,Omicron (BA.1),,,,,,,,,,,,,,,,,,,,
3/5/2022,,,alpha,,,delta,,,Omicron (BA.X),,,Omicron (BA.2),,,Omicron (BA.1),,,,,,,,,,,,,,,,,,,,
3/6/2022,,,alpha,,,delta,,,Omicron (BA.X),,,Omicron (BA.2),,,Omicron (BA.1),,,,,,,,,,,,,,,,,,,,
3/7/2022,,,alpha,,,delta,,,Omicron (BA.X),,,Omicron (BA.2),,,Omicron (BA.1),,,,,,,,,,,,,,,,,,,,
3/8/2022,,,alpha,,,delta,100.0,32.0,Omicron (BA.X),11.0,3.0,Omicron (BA.2),59.0,12.0,Omicron (BA.1),,,,,,,,,,,,,,,,,,,,
3/9/2022,,,alpha,,,delta,,,Omicron (BA.X),,,Omicron (BA.2),,,Omicron (BA.1),,,,,,,,,,,,,,,,,,,,
3/10/2022,,,alpha,,,delta,,,Omicron (BA.X),,,Omicron (BA.2),,,Omicron (BA.1),,,,,,,,,,,,,,,,,,,,
3/11/2022,,,alpha,,,delta,,,Omicron (BA.X),,,Omicron (BA.2),,,Omicron (BA.1),,,,,,,,,,,,,,,,,,,,
3/12/2022,,,alpha,,,delta,,,Omicron (BA.X),,,Omicron (BA.2),,,Omicron (BA.1),,,,,,,,,,,,,,,,,,,,
3/13/2022,,,alpha,,,delta,154.0,19.0,Omicron (BA.X),44.0,13.0,Omicron (BA.2),29.0,4.0,Omicron (BA.1),,,,,,,,,,,,,,,,,,26,51,
3/14/2022,,,alpha,,,delta,,,Omicron (BA.X),,,Omicron (BA.2),,,Omicron (BA.1),,,,,,,,,,,,,,,,,,,,
3/15/2022,,,alpha,,,delta,,,Omicron (BA.X),,,Omicron (BA.2),,,Omicron (BA.1),,,,,,,,,,,,,,,,,,32,55,
3/16/2022,,,alpha,,,delta,105.0,35.0,Omicron (BA.X),34.0,8.0,Omicron (BA.2),40.0,9.0,Omicron (BA.1),,,,,,,,,,,,,,,,,,,,
3/17/2022,,,alpha,,,delta,,,Omicron (BA.X),,,Omicron (BA.2),,,Omicron (BA.1),,,,,,,,,,,,,,,,,,,,
3/18/2022,,,alpha,0.0,0.0,delta,161.0,87.0,Omicron (BA.X),24.0,6.0,Omicron (BA.2),76.0,6.0,Omicron (BA.1),,,,,,,,,,,,,,,,,,,,
3/19/2022,,,alpha,0.0,0.0,delta,172.0,31.0,Omicron (BA.X),22.0,8.0,Omicron (BA.2),78.0,8.0,Omicron (BA.1),,,,,,,,,,,,,,,,,,,,
3/20/2022,,,alpha,0.0,0.0,delta,150.0,40.0,Omicron (BA.X),26.0,10.0,Omicron (BA.2),74.0,10.0,Omicron (BA.1),,,,,,,,,,,,,,,,,,,,
3/21/2022,,,alpha,0.0,0.0,delta,137.0,26.0,Omicron (BA.X),34.0,5.0,Omicron (BA.2),66.0,5.0,Omicron (BA.1),,,,,,,,,,,,,,,,,,,,
3/22/2022,,,alpha,0.0,0.0,delta,133.0,14.0,Omicron (BA.X),49.0,15.0,Omicron (BA.2),51.0,15.0,Omicron (BA.1),,,,,,,,,,,,,,,,,,,,
3/23/2022,,,alpha,0.0,0.0,delta,182.0,45.0,Omicron (BA.X),40.0,10.0,Omicron (BA.2),60.0,10.0,Omicron (BA.1),,,,,,,,,,,,,,,,,,,71,Trace BA.1
3/24/2022,,,alpha,,,delta,,,Omicron (BA.X),,,Omicron (BA.2),,,Omicron (BA.1),,,,,,,,,,,,,,,,,,,,
3/25/2022,,,alpha,0.0,0.0,delta,91.0,26.0,Omicron (BA.X),46.0,12.0,Omicron (BA.2),54.0,12.0,Omicron (BA.1),,,,,,,,,,,,,,,,,,,90,BA.2.3 consensus; Trace BA.1
3/26/2022,,,alpha,,,delta,,,Omicron (BA.X),,,Omicron (BA.2),,,Omicron (BA.1),,,,,,,,,,,,,,,,,,,,
3/27/2022,,,alpha,,,delta,,,Omicron (BA.X),,,Omicron (BA.2),,,Omicron (BA.1),,,,,,,,,,,,,,,,,,,,
3/28/2022,,,alpha,0.0,0.0,delta,104.0,32.0,Omicron (BA.X),45.0,18.0,Omicron (BA.2),55.0,18.0,Omicron (BA.1),,,,,,,,,,,,,,,,,,,,
3/29/2022,,,alpha,,,delta,,,Omicron (BA.X),,,Omicron (BA.2),,,Omicron (BA.1),,,,,,,,,,,,,,,,,,,,
3/30/2022,,,alpha,,,delta,,,Omicron (BA.X),,,Omicron (BA.2),,,Omicron (BA.1),,,,,,,,,,,,,,,,,,,,
3/31/2022,,,alpha,1.0,0.0,delta,,,Omicron (BA.X),79.0,9.0,Omicron (BA.2),21.0,9.0,Omicron (BA.1),,,,,,,,,,,,,,,,,,,,
4/1/2022,,,alpha,,,delta,,,Omicron (BA.X),,,Omicron (BA.2),,,Omicron (BA.1),,,,,,,,,,,,,,,,,,,,
4/2/2022,,,alpha,,,delta,,,Omicron (BA.X),,,Omicron (BA.2),,,Omicron (BA.1),,,,,,,,,,,,,,,,,,,,
4/3/2022,,,alpha,,,delta,,,Omicron (BA.X),,,Omicron (BA.2),,,Omicron (BA.1),,,,,,,,,,,,,,,,,,,,
4/4/2022,,,alpha,,,delta,,,Omicron (BA.X),78.0,3.0,Omicron (BA.2),22.0,3.0,Omicron (BA.1),,,,,,,,,,,,,,,,,,,,
4/5/2022,,,alpha,,,delta,,,Omicron (BA.X),73.0,3.0,Omicron (BA.2),27.0,3.0,Omicron (BA.1),,,,,,,,,,,,,,,,,,,,
4/6/2022,,,alpha,,,delta,,,Omicron (BA.X),,,Omicron (BA.2),,,Omicron (BA.1),,,,,,,,,,,,,,,,,,,,
4/7/2022,,,alpha,,,delta,,,Omicron (BA.X),,,Omicron (BA.2),,,Omicron (BA.1),,,,,,,,,,,,,,,,,,,,
4/8/2022,,,alpha,,,delta,,,Omicron (BA.X),,,Omicron (BA.2),,,Omicron (BA.1),,,,,,,,,,,,,,,,,,,,
4/9/2022,,,alpha,0.0,0.0,delta,,,Omicron (BA.X),83.6,2.0,Omicron (BA.2),16.0,2.0,Omicron (BA.1),,,,,,,,,,,,,,,,,,,,
4/10/2022,,,alpha,2.0,0.0,delta,,,Omicron (BA.X),70.8,11.0,Omicron (BA.2),29.0,11.0,Omicron (BA.1),,,,,,,,,,,,,,,,,,,,
4/11/2022,,,alpha,,,delta,,,Omicron (BA.X),,,Omicron (BA.2),,,Omicron (BA.1),,,,,,,,,,,,,,,,,,,,
4/12/2022,,,alpha,,,delta,,,Omicron (BA.X),,,Omicron (BA.2),,,Omicron (BA.1),100.0,0.0,Omicron (BA.2),0.0,0.0,Omicron (BA.2.12.1),,,,,,,,,,,,,,
4/13/2022,,,alpha,,,delta,,,Omicron (BA.X),,,Omicron (BA.2),,,Omicron (BA.1),,,Omicron (BA.2),,,Omicron (BA.2.12.1),,,,,,,,,,,,,,
4/14/2022,,,alpha,,,delta,,,Omicron (BA.X),,,Omicron (BA.2),,,Omicron (BA.1),,,Omicron (BA.2),,,Omicron (BA.2.12.1),,,,,,,,,,,,,,
4/15/2022,,,alpha,,,delta,,,Omicron (BA.X),,,Omicron (BA.2),,,Omicron (BA.1),,,Omicron (BA.2),,,Omicron (BA.2.12.1),,,,,,,,,,,,,,
4/16/2022,,,alpha,,,delta,,,Omicron (BA.X),,,Omicron (BA.2),,,Omicron (BA.1),,,Omicron (BA.2),,,Omicron (BA.2.12.1),,,,,,,,,,,,,,
4/17/2022,,,alpha,,,delta,,,Omicron (BA.X),,,Omicron (BA.2),,,Omicron (BA.1),,,Omicron (BA.2),,,Omicron (BA.2.12.1),,,,,,,,,,,,,,
4/18/2022,,,alpha,,,delta,,,Omicron (BA.X),,,Omicron (BA.2),,,Omicron (BA.1),,,Omicron (BA.2),,,Omicron (BA.2.12.1),,,,,,,,,,,,,,
4/19/2022,,,alpha,,,delta,,,Omicron (BA.X),,,Omicron (BA.2),,,Omicron (BA.1),,,Omicron (BA.2),,,Omicron (BA.2.12.1),,,,,,,,,,,,,,
4/20/2022,,,alpha,0.0,0.0,delta,,,Omicron (BA.X),99.0,0.0,Omicron (BA.2),1.0,0.0,Omicron (BA.1),,,Omicron (BA.2),,,Omicron (BA.2.12.1),,,,,,,,,,,,,,
4/21/2022,,,alpha,,,delta,,,Omicron (BA.X),,,Omicron (BA.2),,,Omicron (BA.1),,,Omicron (BA.2),,,Omicron (BA.2.12.1),,,,,,,,,,,,,,
4/22/2022,,,alpha,,,delta,,,Omicron (BA.X),,,Omicron (BA.2),,,Omicron (BA.1),,,Omicron (BA.2),,,Omicron (BA.2.12.1),,,,,,,,,,,,,,
4/23/2022,,,alpha,0.0,0.0,delta,,,Omicron (BA.X),95.0,2.0,Omicron (BA.2),5.0,2.0,Omicron (BA.1),,,Omicron (BA.2),,,Omicron (BA.2.12.1),,,,,,,,,,,,,,
4/24/2022,,,,,,,,,,,,,,,,,,Omicron (BA.2),,,Omicron (BA.2.12.1),,,,,,,,,,,,,,
4/25/2022,,,,,,,,,,,,,,,,,,Omicron (BA.2),,,Omicron (BA.2.12.1),,,,,,,,,,,,,,
4/26/2022,,,,,,,,,,,,,,,,,,Omicron (BA.2),,,Omicron (BA.2.12.1),,,,,,,,,,,,,,
4/27/2022,,,,,,,,,,,,,,,,,,Omicron (BA.2),,,Omicron (BA.2.12.1),,,,,,,,,,,,,,
4/28/2022,,,,,,,,,,,,,,,,,,Omicron (BA.2),,,Omicron (BA.2.12.1),,,,,,,,,,,,,,
4/29/2022,,,,,,,,,,,,,,,,,,Omicron (BA.2),,,Omicron (BA.2.12.1),,,,,,,,,,,,,,
4/30/2022,,,,,,,,,,,,,,,,,,Omicron (BA.2),,,Omicron (BA.2.12.1),,,,,,,,,,,,,,
5/1/2022,,,,,,,,,,,,,,,,99.0,38.2,Omicron (BA.2),0.96,0.37,Omicron (BA.2.12.1),,,,,,,,,,,,,,
5/2/2022,,,,0,0,delta,,,,100,0,Omicron (BA.2),0,0,Omicron (BA.1),,,Omicron (BA.2),,,Omicron (BA.2.12.1),,,,,,,,,,,,,,
5/3/2022,,,,,,,,,,,,,,,,,,Omicron (BA.2),,,Omicron (BA.2.12.1),,,,,,,,,,,,,,
5/4/2022,,,,,,,,,,,,,,,,,,Omicron (BA.2),,,Omicron (BA.2.12.1),,,,,,,,,,,,,,
5/5/2022,,,,,,,,,,,,,,,,,,Omicron (BA.2),,,Omicron (BA.2.12.1),,,,,,,,,,,,,,
5/6/2022,,,,,,,,,,,,,,,,,,Omicron (BA.2),,,Omicron (BA.2.12.1),,,,,,,,,,,,,,
5/7/2022,,,,,,,,,,,,,,,,,,Omicron (BA.2),,,Omicron (BA.2.12.1),,,,,,,,,,,,,,
5/8/2022,,,,,,,,,,,,,,,,95.46,7.24,Omicron (BA.2),4.54,0.34,Omicron (BA.2.12.1),,,,,,,,,,,,,,
5/9/2022,,,,,,,,,,,,,,,,,,Omicron (BA.2),,,Omicron (BA.2.12.1),,,,,,,,,,,,,,
5/10/2022,,,,,,,,,,,,,,,,,,Omicron (BA.2),,,Omicron (BA.2.12.1),,,,,,,,,,,,,,
5/11/2022,,,,0,0,delta,,,,100,0,Omicron (BA.2),0,0,Omicron (BA.1),,,Omicron (BA.2),,,Omicron (BA.2.12.1),,,,,,,,,,,,,,
5/12/2022,,,,,,,,,,,,,,,,,,Omicron (BA.2),,,Omicron (BA.2.12.1),,,,,,,,,,,,,,
5/13/2022,,,,,,,,,,,,,,,,91.1,43.97,Omicron (BA.2),6.69,3.23,Omicron (BA.2.12.1),2.24,1.08,Omicron (BA.4/5),,,,,,,,,,,
5/14/2022,,,,0,0,delta,,,,100,0,Omicron (BA.2),0,0,Omicron (BA.1),,,Omicron (BA.2),,,Omicron (BA.2.12.1),,,Omicron (BA.4/5),,,,,,,,,,,
5/15/2022,,,,,,,,,,,,,,,,,,Omicron (BA.2),,,Omicron (BA.2.12.1),,,Omicron (BA.4/5),,,,,,,,,,,
5/16/2022,,,,,,,,,,,,,,,,,,Omicron (BA.2),,,Omicron (BA.2.12.1),,,Omicron (BA.4/5),,,,,,,,,,,
5/17/2022,,,,,,,,,,,,,,,,,,Omicron (BA.2),,,Omicron (BA.2.12.1),,,Omicron (BA.4/5),,,,,,,,,,,
5/18/2022,,,,,,,,,,,,,,,,,,Omicron (BA.2),,,Omicron (BA.2.12.1),,,Omicron (BA.4/5),,,,,,,,,,,
5/19/2022,,,,,,,,,,,,,,,,,,Omicron (BA.2),,,Omicron (BA.2.12.1),,,Omicron (BA.4/5),,,,,,,,,,,
5/20/2022,,,,,,,,,,,,,,,,,,Omicron (BA.2),,,Omicron (BA.2.12.1),,,Omicron (BA.4/5),,,,,,,,,,,
5/21/2022,,,,,,,,,,,,,,,,,,Omicron (BA.2),,,Omicron (BA.2.12.1),,,Omicron (BA.4/5),,,,,,,,,,,
5/22/2022,,,,,,,,,,,,,,,,,,Omicron (BA.2),,,Omicron (BA.2.12.1),,,Omicron (BA.4/5),,,,,,,,,,,
5/23/2022,,,,,,,,,,,,,,,,,,Omicron (BA.2),,,Omicron (BA.2.12.1),,,Omicron (BA.4/5),,,,,,,,,,,
5/24/2022,,,,,,,,,,,,,,,,,,Omicron (BA.2),,,Omicron (BA.2.12.1),,,Omicron (BA.4/5),,,,,,,,,,,
5/25/2022,,,,,,,,,,,,,,,,,,Omicron (BA.2),,,Omicron (BA.2.12.1),,,Omicron (BA.4/5),,,,,,,,,,,
5/26/2022,,,,,,,,,,,,,,,,,,Omicron (BA.2),,,Omicron (BA.2.12.1),,,Omicron (BA.4/5),,,,,,,,,,,
5/27/2022,,,,,,,,,,,,,,,,,,Omicron (BA.2),,,Omicron (BA.2.12.1),,,Omicron (BA.4/5),,,,,,,,,,,
5/28/2022,,,,,,,,,,,,,,,,,,Omicron (BA.2),,,Omicron (BA.2.12.1),,,Omicron (BA.4/5),,,,,,,,,,,
5/29/2022,,,,,,,,,,,,,,,,72.84,48.31,Omicron (BA.2),22.2,14.69,Omicron (BA.2.12.1),5.01,3.32,Omicron (BA.4/5),,,,,,,,,,,
5/30/2022,,,,,,,,,,,,,,,,,,Omicron (BA.2),,,Omicron (BA.2.12.1),,,Omicron (BA.4/5),,,,,,,,,,,
5/31/2022,,,,,,,,,,,,,,,,,,Omicron (BA.2),,,Omicron (BA.2.12.1),,,Omicron (BA.4/5),,,,,,,,,,,
6/1/2022,,,,,,,,,,,,,,,,,,Omicron (BA.2),,,Omicron (BA.2.12.1),,,Omicron (BA.4/5),,,,,,,,,,,
6/2/2022,,,,,,,,,,,,,,,,,,Omicron (BA.2),,,Omicron (BA.2.12.1),,,Omicron (BA.4/5),,,,,,,,,,,
6/3/2022,,,,,,,,,,,,,,,,,,Omicron (BA.2),,,Omicron (BA.2.12.1),,,Omicron (BA.4/5),,,,,,,,,,,
6/4/2022,,,,,,,,,,,,,,,,,,Omicron (BA.2),,,Omicron (BA.2.12.1),,,Omicron (BA.4/5),,,,,,,,,,,
6/5/2022,,,,,,,,,,,,,,,,,,Omicron (BA.2),,,Omicron (BA.2.12.1),,,Omicron (BA.4/5),,,,,,,,,,,
6/6/2022,,,,,,,,,,,,,,,,,,Omicron (BA.2),,,Omicron (BA.2.12.1),,,Omicron (BA.4/5),,,,,,,,,,,
6/7/2022,,,,,,,,,,,,,,,,,,Omicron (BA.2),,,Omicron (BA.2.12.1),,,Omicron (BA.4/5),,,,,,,,,,,
6/8/2022,,,,,,,,,,,,,,,,56.31,22.02,Omicron (BA.2),21.72,8.5,Omicron (BA.2.12.1),21.97,8.59,Omicron (BA.4/5),,,,,,,,,,,
6/9/2022,,,,,,,,,,,,,,,,,,Omicron (BA.2),,,Omicron (BA.2.12.1),,,Omicron (BA.4/5),,,,,,,,,,,
6/10/2022,,,,,,,,,,,,,,,,,,Omicron (BA.2),,,Omicron (BA.2.12.1),,,Omicron (BA.4/5),,,,,,,,,,,
6/11/2022,,,,,,,,,,,,,,,,,,Omicron (BA.2),,,Omicron (BA.2.12.1),,,Omicron (BA.4/5),,,,,,,,,,,
6/12/2022,,,,,,,,,,,,,,,,,,Omicron (BA.2),,,Omicron (BA.2.12.1),,,Omicron (BA.4/5),,,,,,,,,,,
6/13/2022,,,,,,,,,,,,,,,,28.7,11.6,Omicron (BA.2),46.1,18.6,Omicron (BA.2.12.1),25.2,10.2,Omicron (BA.4/5),,,,,,,,,,,
6/14/2022,,,,,,,,,,,,,,,,,,Omicron (BA.2),,,Omicron (BA.2.12.1),,,Omicron (BA.4/5),,,,,,,,,,,
6/15/2022,,,,,,,,,,,,,,,,,,Omicron (BA.2),,,Omicron (BA.2.12.1),,,Omicron (BA.4/5),,,,,,,,,,,
6/16/2022,,,,,,,,,,,,,,,,48.8,14.8,Omicron (BA.2),37.9,11.5,Omicron (BA.2.12.1),13.3,4,Omicron (BA.4/5),,,,,,,,,,,
6/17/2022,,,,,,,,,,,,,,,,,,Omicron (BA.2),,,Omicron (BA.2.12.1),,,Omicron (BA.4/5),,,,,,,,,,,
6/18/2022,,,,,,,,,,,,,,,,,,Omicron (BA.2),,,Omicron (BA.2.12.1),,,Omicron (BA.4/5),,,,,,,,,,,
6/19/2022,,,,,,,,,,,,,,,,,,Omicron (BA.2),,,Omicron (BA.2.12.1),,,Omicron (BA.4/5),,,,,,,,,,,
6/20/2022,,,,,,,,,,,,,,,,50.07,16.6,Omicron (BA.2),8.8,2.92,Omicron (BA.2.12.1),41.13,13.64,Omicron (BA.4/5),,,,,,,,,,,
6/21/2022,,,,,,,,,,,,,,,,,,Omicron (BA.2),,,Omicron (BA.2.12.1),,,Omicron (BA.4/5),,,,,,,,,,,
6/22/2022,,,,,,,,,,,,,,,,27.7,12.21,Omicron (BA.2),23.45,10.33,Omicron (BA.2.12.1),48.85,21.52,Omicron (BA.4/5),,,,,,,,,,,
6/23/2022,,,,,,,,,,,,,,,,,,Omicron (BA.2),,,Omicron (BA.2.12.1),,,Omicron (BA.4/5),,,,,,,,,,,
6/24/2022,,,,,,,,,,,,,,,,,,Omicron (BA.2),,,Omicron (BA.2.12.1),,,Omicron (BA.4/5),,,,,,,,,,,
6/25/2022,,,,,,,,,,,,,,,,,,Omicron (BA.2),,,Omicron (BA.2.12.1),,,Omicron (BA.4/5),,,,,,,,,,,
6/26/2022,,,,,,,,,,,,,,,,,,Omicron (BA.2),,,Omicron (BA.2.12.1),,,Omicron (BA.4/5),,,,,,,,,,,
6/27/2022,,,,,,,,,,,,,,,,20.26,6.42,Omicron (BA.2),33.45,10.6,Omicron (BA.2.12.1),46.28,14.67,Omicron (BA.4/5),,,,,,,,,,,
6/28/2022,,,,,,,,,,,,,,,,,,Omicron (BA.2),,,Omicron (BA.2.12.1),,,Omicron (BA.4/5),,,,,,,,,,,
6/29/2022,,,,,,,,,,,,,,,,,,Omicron (BA.2),,,Omicron (BA.2.12.1),,,Omicron (BA.4/5),,,,,,,,,,,
6/30/2022,,,,,,,,,,,,,,,,,,Omicron (BA.2),,,Omicron (BA.2.12.1),,,Omicron (BA.4/5),,,,,,,,,,,
7/1/2022,,,,,,,,,,,,,,,,,,Omicron (BA.2),,,Omicron (BA.2.12.1),,,Omicron (BA.4/5),,,,,,,,,,,
7/2/2022,,,,,,,,,,,,,,,,10.88,5.26,Omicron (BA.2),10.07,4.87,Omicron (BA.2.12.1),79.06,38.26,Omicron (BA.4/5),,,,,,,,,,,
7/3/2022,,,,,,,,,,,,,,,,17.11,4.38,Omicron (BA.2),17.74,4.54,Omicron (BA.2.12.1),65.15,16.68,Omicron (BA.4/5),,,,,,,,,,,
7/4/2022,,,,,,,,,,,,,,,,5.458208,2.777046,Omicron (BA.2),3.605147,1.83424,Omicron (BA.2.12.1),90.93664,46.26707,Omicron (BA.4/5),,,,,,,,,,,
7/5/2022,,,,,,,,,,,,,,,,7.654493,4.457103,Omicron (BA.2),5.921376,3.447933,Omicron (BA.2.12.1),86.42413,50.32355,Omicron (BA.4/5),,,,,,,,,,,
7/6/2022,,,,,,,,,,,,,,,,,,Omicron (BA.2),,,Omicron (BA.2.12.1),,,Omicron (BA.4/5),,,,,,,,,,,
7/7/2022,,,,,,,,,,,,,,,,,,Omicron (BA.2),,,Omicron (BA.2.12.1),,,Omicron (BA.4/5),,,,,,,,,,,
7/8/2022,,,,,,,,,,,,,,,,,,Omicron (BA.2),,,Omicron (BA.2.12.1),,,Omicron (BA.4/5),,,,,,,,,,,
7/9/2022,,,,,,,,,,,,,,,,,,Omicron (BA.2),,,Omicron (BA.2.12.1),,,Omicron (BA.4/5),,,,,,,,,,,
7/10/2022,,,,,,,,,,,,,,,,,,Omicron (BA.2),,,Omicron (BA.2.12.1),,,Omicron (BA.4/5),,,,,,,,,,,
7/11/2022,,,,,,,,,,,,,,,,4.01,2.18,Omicron (BA.2),9.53,5.18,Omicron (BA.2.12.1),86.46,46.98,Omicron (BA.4/5),,,,,,,,,,,
7/12/2022,,,,,,,,,,,,,,,,7.52,4.58,Omicron (BA.2),12.9,7.85,Omicron (BA.2.12.1),79.58,48.43,Omicron (BA.4/5),,,,,,,,,,,
7/13/2022,,,,,,,,,,,,,,,,,,Omicron (BA.2),,,Omicron (BA.2.12.1),,,Omicron (BA.4/5),,,,,,,,,,,
7/14/2022,,,,,,,,,,,,,,,,,,Omicron (BA.2),,,Omicron (BA.2.12.1),,,Omicron (BA.4/5),,,,,,,,,,,
7/15/2022,,,,,,,,,,,,,,,,9.94,5.52,Omicron (BA.2),19.79,11,Omicron (BA.2.12.1),70.27,39.06,Omicron (BA.4/5),,,,,,,,,,,
7/16/2022,,,,,,,,,,,,,,,,,,Omicron (BA.2),,,Omicron (BA.2.12.1),,,Omicron (BA.4/5),,,,,,,,,,,
7/17/2022,,,,,,,,,,,,,,,,,,Omicron (BA.2),,,Omicron (BA.2.12.1),,,Omicron (BA.4/5),,,,,,,,,,,
7/18/2022,,,,,,,,,,,,,,,,5.47,3.64,Omicron (BA.2),4.22,2.82,Omicron (BA.2.12.1),90.31,60.22,Omicron (BA.4/5),,,,,,,,,,,
7/19/2022,,,,,,,,,,,,,,,,,,Omicron (BA.2),,,Omicron (BA.2.12.1),,,Omicron (BA.4/5),,,,,,,,,,,
7/20/2022,,,,,,,,,,,,,,,,,,Omicron (BA.2),,,Omicron (BA.2.12.1),,,Omicron (BA.4/5),,,,,,,,,,,
7/21/2022,,,,,,,,,,,,,,,,,,Omicron (BA.2),,,Omicron (BA.2.12.1),,,Omicron (BA.4/5),,,,,,,,,,,
7/22/2022,,,,,,,,,,,,,,,,,,Omicron (BA.2),,,Omicron (BA.2.12.1),,,Omicron (BA.4/5),,,,,,,,,,,
7/23/2022,,,,,,,,,,,,,,,,,,Omicron (BA.2),,,Omicron (BA.2.12.1),,,Omicron (BA.4/5),,,,,,,,,,,
7/24/2022,,,,,,,,,,,,,,,,,,Omicron (BA.2),,,Omicron (BA.2.12.1),,,Omicron (BA.4/5),,,,,,,,,,,
7/25/2022,,,,,,,,,,,,,,,,,,Omicron (BA.2),,,Omicron (BA.2.12.1),,,Omicron (BA.4/5),,,,,,,,,,,
7/26/2022,,,,,,,,,,,,,,,,,,Omicron (BA.2),,,Omicron (BA.2.12.1),,,Omicron (BA.4/5),,,,,,,,,,,
7/27/2022,,,,,,,,,,,,,,,,,,Omicron (BA.2),,,Omicron (BA.2.12.1),,,Omicron (BA.4/5),,,,,,,,,,,
7/28/2022,,,,,,,,,,,,,,,,,,Omicron (BA.2),,,Omicron (BA.2.12.1),,,Omicron (BA.4/5),,,,,,,,,,,
7/29/2022,,,,,,,,,,,,,,,,39.47,11.18,Omicron (BA.2),2.21,0.63,Omicron (BA.2.12.1),58.31,16.51,Omicron (BA.4/5),,,,,,,,,,,
7/30/2022,,,,,,,,,,,,,,,,,,Omicron (BA.2),,,Omicron (BA.2.12.1),,,Omicron (BA.4/5),,,,,,,,,,,
7/31/2022,,,,,,,,,,,,,,,,7.94,2.48,Omicron (BA.2),2.68,0.84,Omicron (BA.2.12.1),89.38,27.95,Omicron (BA.4/5),,,,,,,,,,,
8/1/2022,,,,,,,,,,,,,,,,,,Omicron (BA.2),,,Omicron (BA.2.12.1),,,Omicron (BA.4/5),,,,,,,,,,,
8/2/2022,,,,,,,,,,,,,,,,4.73,1.42,Omicron (BA.2),4.38,1.32,Omicron (BA.2.12.1),90.88,27.29,Omicron (BA.4/5),,,,,,,,,,,
8/3/2022,,,,,,,,,,,,,,,,0,,Omicron (BA.2),8.7,1.61,Omicron (BA.2.12.1),91.3,16.91,Omicron (BA.4/5),,,,,,,,,,,
8/4/2022,,,,,,,,,,,,,,,,,,Omicron (BA.2),,,Omicron (BA.2.12.1),,,Omicron (BA.4/5),,,,,,,,,,,
8/5/2022,,,,,,,,,,,,,,,,,,Omicron (BA.2),,,Omicron (BA.2.12.1),,,Omicron (BA.4/5),,,,,,,,,,,
8/6/2022,,,,,,,,,,,,,,,,0,0,Omicron (BA.2),0,0,Omicron (BA.2.12.1),100,0,Omicron (BA.4/5),,,,,,,,,,,
8/7/2022,,,,,,,,,,,,,,,,,,Omicron (BA.2),,,Omicron (BA.2.12.1),,,Omicron (BA.4/5),,,,,,,,,,,
8/8/2022,,,,,,,,,,,,,,,,,,Omicron (BA.2),,,Omicron (BA.2.12.1),,,Omicron (BA.4/5),15.76,7.8,,84.24,41.5,,,,,,
8/9/2022,,,,,,,,,,,,,,,,,,Omicron (BA.2),,,Omicron (BA.2.12.1),,,Omicron (BA.4/5),,,,,,,,,,,
8/10/2022,,,,,,,,,,,,,,,,,,Omicron (BA.2),,,Omicron (BA.2.12.1),,,Omicron (BA.4/5),,,,,,,,,,,
8/11/2022,,,,,,,,,,,,,,,,,,Omicron (BA.2),,,Omicron (BA.2.12.1),,,Omicron (BA.4/5),,,,,,,,,,,
8/12/2022,,,,,,,,,,,,,,,,,,Omicron (BA.2),,,Omicron (BA.2.12.1),,,Omicron (BA.4/5),,,,,,,,,,,
8/13/2022,,,,,,,,,,,,,,,,,,Omicron (BA.2),,,Omicron (BA.2.12.1),,,Omicron (BA.4/5),,,,,,,,,,,
8/14/2022,,,,,,,,,,,,,,,,,,Omicron (BA.2),,,Omicron (BA.2.12.1),,,Omicron (BA.4/5),,,,,,,,,,,
8/15/2022,,,,,,,,,,,,,,,,0,0,Omicron (BA.2),2.39,0.49,Omicron (BA.2.12.1),97.61,20.11,Omicron (BA.4/5),,,,,,,,,,,
8/16/2022,,,,,,,,,,,,,,,,,,Omicron (BA.2),,,Omicron (BA.2.12.1),,,Omicron (BA.4/5),30.53,10.2,,69.47,23.18,,,,,,
8/17/2022,,,,,,,,,,,,,,,,1.08,0.24,Omicron (BA.2),3.35,0.75,Omicron (BA.2.12.1),95.58,21.45,Omicron (BA.4/5),,,,,,,,,,,
8/18/2022,,,,,,,,,,,,,,,,,,Omicron (BA.2),,,Omicron (BA.2.12.1),,,Omicron (BA.4/5),,,,,,,,,,,
8/19/2022,,,,,,,,,,,,,,,,,,Omicron (BA.2),,,Omicron (BA.2.12.1),,,Omicron (BA.4/5),,,,,,,,,,,
8/20/2022,,,,,,,,,,,,,,,,0,0,Omicron (BA.2),0,0,Omicron (BA.2.12.1),100,0,Omicron (BA.4/5),,,,,,,,,,,
8/21/2022,,,,,,,,,,,,,,,,0,0,Omicron (BA.2),4.228282,2.3,Omicron (BA.2.12.1),95.77172,52.03,Omicron (BA.4/5),,,,,,,,,,,
8/22/2022,,,,,,,,,,,,,,,,,,Omicron (BA.2),,,Omicron (BA.2.12.1),,,Omicron (BA.4/5),14,9.9,,86,60.65,,,,,,
8/23/2022,,,,,,,,,,,,,,,,,,Omicron (BA.2),,,Omicron (BA.2.12.1),,,Omicron (BA.4/5),,,,,,,,,,,
8/24/2022,,,,,,,,,,,,,,,,,,Omicron (BA.2),,,Omicron (BA.2.12.1),,,Omicron (BA.4/5),,,,,,,,,,,
8/25/2022,,,,,,,,,,,,,,,,,,Omicron (BA.2),,,Omicron (BA.2.12.1),,,Omicron (BA.4/5),,,,,,,,,,,
8/26/2022,,,,,,,,,,,,,,,,,,Omicron (BA.2),,,Omicron (BA.2.12.1),,,Omicron (BA.4/5),,,,,,,,,,,
8/27/2022,,,,,,,,,,,,,,,,,,Omicron (BA.2),,,Omicron (BA.2.12.1),,,Omicron (BA.4/5),,,,,,,,,,,
8/28/2022,,,,,,,,,,,,,,,,9.48,0.99,Omicron (BA.2),0.03,0,Omicron (BA.2.12.1),90.48,9.45,Omicron (BA.4/5),,,,,,,,,,,
8/29/2022,,,,,,,,,,,,,,,,,,Omicron (BA.2),,,Omicron (BA.2.12.1),,,Omicron (BA.4/5),27.85,7.5,,72.15,19.3,,,,,,
8/30/2022,,,,,,,,,,,,,,,,,,Omicron (BA.2),,,Omicron (BA.2.12.1),,,Omicron (BA.4/5),,,,,,,,,,,
8/31/2022,,,,,,,,,,,,,,,,,,Omicron (BA.2),,,Omicron (BA.2.12.1),,,Omicron (BA.4/5),,,,,,,,,,,
9/1/2022,,,,,,,,,,,,,,,,,,Omicron (BA.2),,,Omicron (BA.2.12.1),,,Omicron (BA.4/5),,,,,,,,,,,
9/2/2022,,,,,,,,,,,,,,,,,,Omicron (BA.2),,,Omicron (BA.2.12.1),,,Omicron (BA.4/5),,,,,,,,,,,
9/3/2022,,,,,,,,,,,,,,,,,,Omicron (BA.2),,,Omicron (BA.2.12.1),,,Omicron (BA.4/5),,,,,,,,,,,
9/4/2022,,,,,,,,,,,,,,,,0,0,Omicron (BA.2),0.12,0,Omicron (BA.2.12.1),99.88,3.32,Omicron (BA.4/5),,,,,,,,,,,
9/5/2022,,,,,,,,,,,,,,,,,,Omicron (BA.2),,,Omicron (BA.2.12.1),,,Omicron (BA.4/5),,,,,,,,,,,
9/6/2022,,,,,,,,,,,,,,,,,,Omicron (BA.2),,,Omicron (BA.2.12.1),,,Omicron (BA.4/5),35.67,14.2,,64.33,25.66,,,,,,
9/7/2022,,,,,,,,,,,,,,,,,,Omicron (BA.2),,,Omicron (BA.2.12.1),,,Omicron (BA.4/5),,,,,,,,,,,
9/8/2022,,,,,,,,,,,,,,,,0,0,Omicron (BA.2),2.71,0.64,Omicron (BA.2.12.1),97.29,23.07,Omicron (BA.4/5),,,,,,,,,,,
9/9/2022,,,,,,,,,,,,,,,,,,Omicron (BA.2),,,Omicron (BA.2.12.1),,,Omicron (BA.4/5),,,,,,,,,,,
9/10/2022,,,,,,,,,,,,,,,,,,Omicron (BA.2),,,Omicron (BA.2.12.1),,,Omicron (BA.4/5),,,,,,,,,,,
9/11/2022,,,,,,,,,,,,,,,,,,Omicron (BA.2),,,Omicron (BA.2.12.1),,,Omicron (BA.4/5),,,,,,,,,,,
9/12/2022,,,,,,,,,,,,,,,,0,0,Omicron (BA.2),0,0,Omicron (BA.2.12.1),100,0,Omicron (BA.4/5),34.38,15.3,,65.62,29.21,,,,,,
9/13/2022,,,,,,,,,,,,,,,,,,,,,,,,,,,,,,,,,,,
9/14/2022,,,,,,,,,,,,,,,,,,,,,,,,,,,,,,,,,,,
9/15/2022,,,,,,,,,,,,,,,,,,,,,,,,,,,,,,,,,,,
9/16/2022,,,,,,,,,,,,,,,,,,,,,,,,,,,,,,,,,,,
9/17/2022,,,,,,,,,,,,,,,,,,,,,,,,,,,,,,,,,,,
9/18/2022,,,,,,,,,,,,,,,,,,,,,,,,,,,,,,,,,,,
9/19/2022,,,,,,,,,,,,,,,,,,,,,,,,,19.34,5.39,,80.66,22.47,,,,,,
9/20/2022,,,,,,,,,,,,,,,,,,,,,,,,,,,,,,,,,,,
9/21/2022,,,,,,,,,,,,,,,,,,,,,,,,,,,,,,,,,,,
9/22/2022,,,,,,,,,,,,,,,,,,,,,,,,,,,,,,,,,,,
9/23/2022,,,,,,,,,,,,,,,,,,,,,,,,,,,,,,,,,,,
9/24/2022,,,,,,,,,,,,,,,,,,,,,,,,,63.62,6.31,,36.38,3.61,,,,,,
9/25/2022,,,,,,,,,,,,,,,,,,,,,,,,,,,,,,,,,,,
9/26/2022,,,,,,,,,,,,,,,,,,,,,,,,,59.81,10.21,,40.19,6.86,,,,,,
9/27/2022,,,,,,,,,,,,,,,,,,,,,,,,,,,,,,,,,,,
9/28/2022,,,,,,,,,,,,,,,,,,,,,,,,,33.11,7.21,,66.89,14.57,,,,,,
9/29/2022,,,,,,,,,,,,,,,,,,,,,,,,,,,,,,,,,,,
9/30/2022,,,,,,,,,,,,,,,,,,,,,,,,,,,,,,,,,,,
10/1/2022,,,,,,,,,,,,,,,,,,,,,,,,,,,,,,,,,,,
10/2/2022,,,,,,,,,,,,,,,,,,,,,,,,,31.03,2.95,,68.97,6.55,,,,,,
10/3/2022,,,,,,,,,,,,,,,,,,,,,,,,,,,,,,,,,,,
10/4/2022,,,,,,,,,,,,,,,,,,,,,,,,,,,,,,,,,,,
10/5/2022,,,,,,,,,,,,,,,,,,,,,,,,,26.2,7.94,,73.8,22.36,,,,,,
10/6/2022,,,,,,,,,,,,,,,,,,,,,,,,,,,,,,,,,,,
10/7/2022,,,,,,,,,,,,,,,,,,,,,,,,,,,,,,,,,,,
10/8/2022,,,,,,,,,,,,,,,,,,,,,,,,,,,,,,,,,,,
10/9/2022,,,,,,,,,,,,,,,,,,,,,,,,,,,,,,,,,,,
10/10/2022,,,,,,,,,,,,,,,,,,,,,,,,,24.76,8.03,,75.24,24.4,,,,,,
10/11/2022,,,,,,,,,,,,,,,,,,,,,,,,,,,,,,,,,,,
10/12/2022,,,,,,,,,,,,,,,,,,,,,,,,,,,,,,,,,,,
10/13/2022,,,,,,,,,,,,,,,,,,,,,,,,,,,,,,,,,,,
10/14/2022,,,,,,,,,,,,,,,,,,,,,,,,,,,,,,,,,,,
10/15/2022,,,,,,,,,,,,,,,,,,,,,,,,,,,,,,,,,,,
